{"stats":{"minecraft:mined":{"minecraft:white_bed":71,"minecraft:cherry_log":27,"minecraft:granite":2,"minecraft:chiseled_polished_blackstone":4,"minecraft:stone_brick_wall":1,"minecraft:crimson_fungus":1,"minecraft:hopper":6,"minecraft:oak_wall_sign":11,"minecraft:chiseled_stone_bricks":3,"minecraft:spawner":1,"minecraft:polished_blackstone_bricks":6,"minecraft:fire":8,"minecraft:sticky_piston":85,"minecraft:cobbled_deepslate":15,"minecraft:pumpkin":11,"minecraft:fletching_table":31,"minecraft:oak_sign":2,"minecraft:dirt_path":1,"minecraft:piston_head":1,"minecraft:crimson_nylium":7,"minecraft:soul_fire":9,"minecraft:torch":23,"minecraft:note_block":1,"minecraft:blast_furnace":3,"minecraft:glass":165,"minecraft:sugar_cane":65,"minecraft:repeater":6,"minecraft:wheat":175,"minecraft:stone_brick_stairs":10,"minecraft:oak_fence_gate":17,"minecraft:stonecutter":1,"minecraft:piston":19,"minecraft:dark_oak_log":17,"minecraft:end_stone":69,"minecraft:nether_bricks":7,"minecraft:crimson_roots":2,"minecraft:redstone_wire":38,"minecraft:andesite":3,"minecraft:potatoes":15,"minecraft:vine":1,"minecraft:cobblestone_slab":18,"minecraft:rail":278,"minecraft:white_wool":6,"minecraft:smithing_table":1,"minecraft:oak_slab":29,"minecraft:comparator":1,"minecraft:stone_brick_slab":6,"minecraft:observer":89,"minecraft:cornflower":3,"minecraft:short_grass":156,"minecraft:dropper":15,"minecraft:tall_grass":19,"minecraft:diorite":9,"minecraft:light_blue_bed":18,"minecraft:white_carpet":15,"minecraft:birch_leaves":9,"minecraft:sunflower":1,"minecraft:dripstone_block":2,"minecraft:oak_button":64,"minecraft:stone_bricks":95,"minecraft:chipped_anvil":2,"minecraft:cobblestone_stairs":1,"minecraft:brewing_stand":1,"minecraft:spruce_trapdoor":23,"minecraft:stripped_crimson_hyphae":1,"minecraft:grass_block":224,"minecraft:cracked_polished_blackstone_bricks":29,"minecraft:composter":10,"minecraft:gilded_blackstone":14,"minecraft:smooth_stone":521,"minecraft:glowstone":21,"minecraft:iron_ore":2,"minecraft:anvil":2,"minecraft:quartz_block":48,"minecraft:blackstone":116,"minecraft:poppy":2,"minecraft:chest":65,"minecraft:wither_skeleton_wall_skull":1,"minecraft:nether_quartz_ore":132,"minecraft:cobblestone":228,"minecraft:grindstone":3,"minecraft:oak_planks":70,"minecraft:wall_torch":9,"minecraft:pink_petals":9,"minecraft:stone_stairs":2,"minecraft:powered_rail":35,"minecraft:birch_log":1,"minecraft:smooth_stone_slab":56,"minecraft:oak_log":285,"minecraft:beetroots":1,"minecraft:sand":1,"minecraft:dirt":543,"minecraft:netherrack":842,"minecraft:dispenser":3,"minecraft:ancient_debris":1,"minecraft:oak_leaves":905,"minecraft:nether_gold_ore":43,"minecraft:red_carpet":1,"minecraft:oak_door":4,"minecraft:lever":2,"minecraft:stone_button":2,"minecraft:large_fern":2,"minecraft:oak_trapdoor":6,"minecraft:carrots":39,"minecraft:gold_block":9,"minecraft:bell":4,"minecraft:nether_brick_fence":1,"minecraft:bookshelf":1,"minecraft:stripped_oak_log":161,"minecraft:chorus_plant":20,"minecraft:stone":411,"minecraft:redstone_wall_torch":2,"minecraft:basalt":11,"minecraft:oak_fence":21,"minecraft:crafting_table":11,"minecraft:lectern":7,"minecraft:redstone_torch":16,"minecraft:white_wall_banner":1,"minecraft:coal_ore":22,"minecraft:cherry_leaves":4,"minecraft:end_rod":1},"minecraft:killed":{"minecraft:skeleton":31,"minecraft:chicken":6,"minecraft:cat":1,"minecraft:magma_cube":4,"minecraft:iron_golem":9,"minecraft:ender_dragon":1,"minecraft:pillager":148,"minecraft:zombie":55,"minecraft:cow":18,"minecraft:evoker":5,"minecraft:vindicator":5,"minecraft:horse":5,"minecraft:ravager":4,"minecraft:enderman":3804,"minecraft:zombified_piglin":13,"minecraft:witch":7,"minecraft:spider":25,"minecraft:piglin_brute":1,"minecraft:piglin":20,"minecraft:pig":28,"minecraft:creeper":18,"minecraft:sheep":19,"minecraft:trader_llama":2,"minecraft:blaze":23,"minecraft:vex":7,"minecraft:phantom":9,"minecraft:hoglin":3,"minecraft:wither_skeleton":2,"minecraft:villager":13},"minecraft:used":{"minecraft:nether_brick_fence":1,"minecraft:dispenser":6,"minecraft:ladder":52,"minecraft:poppy":3,"minecraft:chest":90,"minecraft:stone":105,"minecraft:lava_bucket":1,"minecraft:grass_block":2,"minecraft:quartz_block":44,"minecraft:stone_brick_stairs":12,"minecraft:bow":1165,"minecraft:furnace":1,"minecraft:oak_sapling":18,"minecraft:egg":5,"minecraft:chorus_fruit":2,"minecraft:powered_rail":97,"minecraft:blackstone":107,"minecraft:composter":9,"minecraft:oak_leaves":597,"minecraft:golden_apple":2,"minecraft:blast_furnace":2,"minecraft:stone_button":4,"minecraft:lectern":1,"minecraft:diamond_sword":1441,"minecraft:smithing_table":1,"minecraft:oak_boat":13,"minecraft:oak_trapdoor":33,"minecraft:stone_sword":9,"minecraft:netherrack":625,"minecraft:torch":77,"minecraft:dragon_egg":1,"minecraft:ancient_debris":1,"minecraft:anvil":2,"minecraft:wheat":1,"minecraft:stone_stairs":3,"minecraft:oak_fence_gate":29,"minecraft:iron_block":4,"minecraft:iron_axe":7,"minecraft:totem_of_undying":2,"minecraft:diamond_chestplate":3,"minecraft:basalt":10,"minecraft:cobbled_deepslate":275,"minecraft:observer":114,"minecraft:wheat_seeds":364,"minecraft:water_bucket":124,"minecraft:fletching_table":28,"minecraft:polished_blackstone_bricks":11,"minecraft:rail":444,"minecraft:oak_slab":314,"minecraft:tnt":2,"minecraft:crafting_table":20,"minecraft:white_bed":77,"minecraft:oak_log":118,"minecraft:diamond_pickaxe":3408,"minecraft:diamond_shovel":577,"minecraft:sunflower":1,"minecraft:iron_pickaxe":54,"minecraft:spruce_trapdoor":10,"minecraft:chiseled_stone_bricks":7,"minecraft:cobblestone":1466,"minecraft:cooked_porkchop":37,"minecraft:stripped_oak_log":79,"minecraft:diamond_leggings":3,"minecraft:oak_sign":18,"minecraft:shield":119,"minecraft:bell":1,"minecraft:nether_bricks":4,"minecraft:carrot":34,"minecraft:big_dripleaf":1,"minecraft:glass":912,"minecraft:light_blue_bed":20,"minecraft:hopper_minecart":2,"minecraft:stone_bricks":363,"minecraft:item_frame":3,"minecraft:red_carpet":1,"minecraft:repeater":2,"minecraft:beetroot_seeds":1,"minecraft:chiseled_polished_blackstone":6,"minecraft:end_rod":1,"minecraft:diamond_boots":1,"minecraft:dropper":15,"minecraft:wither_skeleton_skull":4,"minecraft:stone_pickaxe":17,"minecraft:oak_planks":132,"minecraft:ender_pearl":28,"minecraft:diamond_axe":1351,"minecraft:sugar_cane":45,"minecraft:white_wool":8,"minecraft:mushroom_stew":2,"minecraft:crossbow":2,"minecraft:note_block":1,"minecraft:end_stone":45,"minecraft:shears":615,"minecraft:redstone_torch":32,"minecraft:sticky_piston":85,"minecraft:lever":7,"minecraft:firework_rocket":13,"minecraft:bread":113,"minecraft:gravel":3,"minecraft:grindstone":2,"minecraft:andesite":2,"minecraft:smooth_stone_slab":92,"minecraft:bone_meal":36,"minecraft:oak_fence":152,"minecraft:netherite_sword":363,"minecraft:redstone":133,"minecraft:oak_door":6,"minecraft:dirt":405,"minecraft:white_carpet":15,"minecraft:hopper":11,"minecraft:diamond_helmet":2,"minecraft:granite":3,"minecraft:iron_hoe":196,"minecraft:stone_brick_slab":5,"minecraft:dark_oak_planks":21,"minecraft:bookshelf":1,"minecraft:oak_stairs":4,"minecraft:netherite_pickaxe":18,"minecraft:minecart":14,"minecraft:cooked_beef":27,"minecraft:pumpkin":1,"minecraft:cooked_mutton":4,"minecraft:cobblestone_stairs":10,"minecraft:baked_potato":2,"minecraft:stonecutter":2,"minecraft:cobblestone_slab":109,"minecraft:glow_item_frame":34,"minecraft:painting":8,"minecraft:piston":41,"minecraft:black_wool":1,"minecraft:apple":1,"minecraft:cracked_polished_blackstone_bricks":38,"minecraft:golden_leggings":2,"minecraft:stone_axe":43,"minecraft:pink_petals":7,"minecraft:white_banner":4,"minecraft:bucket":127,"minecraft:pumpkin_pie":3,"minecraft:gray_wool":1,"minecraft:smooth_stone":506,"minecraft:splash_potion":2},"minecraft:dropped":{"minecraft:porkchop":20,"minecraft:cooked_beef":42,"minecraft:cooked_porkchop":11,"minecraft:crossbow":18,"minecraft:saddle":1,"minecraft:rail":31,"minecraft:leather_helmet":1,"minecraft:dirt":67,"minecraft:gold_nugget":1,"minecraft:bone_meal":19,"minecraft:phantom_membrane":8,"minecraft:sugar":2,"minecraft:iron_pickaxe":2,"minecraft:dark_oak_planks":2,"minecraft:white_wool":4,"minecraft:bone":2,"minecraft:oak_door":1,"minecraft:stone_axe":4,"minecraft:goat_horn":1,"minecraft:cooked_chicken":1,"minecraft:cobbled_deepslate":4,"minecraft:birch_sapling":1,"minecraft:rotten_flesh":18,"minecraft:oak_planks":105,"minecraft:glowstone_dust":1,"minecraft:white_bed":7,"minecraft:coal_ore":6,"minecraft:glass":137,"minecraft:beef":16,"minecraft:crying_obsidian":5,"minecraft:egg":4,"minecraft:enchanted_book":16,"minecraft:iron_ingot":3,"minecraft:wheat_seeds":19,"minecraft:cobblestone":2873,"minecraft:book":1,"minecraft:apple":64,"minecraft:coal":6,"minecraft:golden_apple":2,"minecraft:diamond_helmet":4,"minecraft:white_banner":7,"minecraft:smooth_stone":6,"minecraft:iron_shovel":1,"minecraft:string":7,"minecraft:netherite_ingot":3,"minecraft:stone_sword":2,"minecraft:bowl":1,"minecraft:stone_shovel":5,"minecraft:chicken":4,"minecraft:oak_sign":1,"minecraft:diamond_sword":3,"minecraft:cobblestone_slab":4,"minecraft:stone":24,"minecraft:diamond_pickaxe":3,"minecraft:redstone_torch":8,"minecraft:spider_eye":25,"minecraft:stone_bricks":1,"minecraft:bow":8,"minecraft:brown_mushroom":2,"minecraft:diamond_axe":3,"minecraft:oak_log":32,"minecraft:baked_potato":1,"minecraft:ender_pearl":1243,"minecraft:netherite_upgrade_smithing_template":11,"minecraft:leather":5,"minecraft:flint":4,"minecraft:cracked_polished_blackstone_bricks":1,"minecraft:cornflower":2,"minecraft:mutton":15,"minecraft:crimson_roots":2,"minecraft:polished_blackstone_bricks":2,"minecraft:blackstone":4,"minecraft:pointed_dripstone":15,"minecraft:diamond_shovel":2,"minecraft:cooked_mutton":2,"minecraft:stone_stairs":3,"minecraft:carrot":15,"minecraft:chiseled_stone_bricks":1,"minecraft:poppy":5,"minecraft:gunpowder":11,"minecraft:chest":18,"minecraft:arrow":279,"minecraft:oak_leaves":4,"minecraft:netherrack":32,"minecraft:water_bucket":1,"minecraft:bread":747,"minecraft:oak_slab":47,"minecraft:minecart":1,"minecraft:diamond_leggings":5,"minecraft:grass_block":1,"minecraft:stick":603,"minecraft:diorite":1,"minecraft:iron_axe":9,"minecraft:pink_petals":8,"minecraft:bucket":5,"minecraft:dandelion":2,"minecraft:redstone":2,"minecraft:oak_trapdoor":1,"minecraft:blaze_rod":7,"minecraft:tuff":1,"minecraft:shulker_box":1,"minecraft:diamond_chestplate":4,"minecraft:oak_sapling":4,"minecraft:golden_sword":2,"minecraft:diamond_boots":5,"minecraft:stone_pickaxe":3,"minecraft:wooden_pickaxe":1},"minecraft:broken":{"minecraft:shears":2,"minecraft:shield":2,"minecraft:iron_axe":1},"minecraft:killed_by":{"minecraft:pillager":2,"minecraft:ravager":1,"minecraft:vindicator":3,"minecraft:zombie":5,"minecraft:vex":2,"minecraft:drowned":1,"minecraft:player":7,"minecraft:spider":1,"minecraft:skeleton":4},"minecraft:custom":{"minecraft:interact_with_crafting_table":135,"minecraft:bell_ring":19,"minecraft:leave_game":24,"minecraft:time_since_death":746207,"minecraft:damage_blocked_by_shield":7446,"minecraft:play_time":1631521,"minecraft:deaths":33,"minecraft:jump":15402,"minecraft:interact_with_furnace":13,"minecraft:traded_with_villager":1112,"minecraft:sleep_in_bed":54,"minecraft:damage_dealt":86724,"minecraft:inspect_dispenser":27,"minecraft:interact_with_smithing_table":6,"minecraft:inspect_dropper":10,"minecraft:interact_with_anvil":42,"minecraft:inspect_hopper":12,"minecraft:sneak_time":99914,"minecraft:interact_with_blast_furnace":1,"minecraft:total_world_time":1631521,"minecraft:interact_with_stonecutter":5,"minecraft:time_since_rest":36496,"minecraft:swim_one_cm":40444,"minecraft:fly_one_cm":4321678,"minecraft:open_chest":2086,"minecraft:fall_one_cm":390441,"minecraft:animals_bred":7,"minecraft:open_shulker_box":9,"minecraft:damage_resisted":2567,"minecraft:sprint_one_cm":2145346,"minecraft:drop":810,"minecraft:play_noteblock":5,"minecraft:talked_to_villager":365,"minecraft:walk_on_water_one_cm":212228,"minecraft:open_enderchest":1,"minecraft:interact_with_beacon":1,"minecraft:player_kills":1,"minecraft:crouch_one_cm":301924,"minecraft:mob_kills":4372,"minecraft:climb_one_cm":23799,"minecraft:walk_one_cm":7177260,"minecraft:raid_win":3,"minecraft:walk_under_water_one_cm":113257,"minecraft:boat_one_cm":148695,"minecraft:raid_trigger":2,"minecraft:interact_with_grindstone":3,"minecraft:damage_taken":19658,"minecraft:damage_absorbed":87,"minecraft:minecart_one_cm":98560,"minecraft:aviate_one_cm":124645},"minecraft:picked_up":{"minecraft:anvil":2,"minecraft:smithing_table":1,"minecraft:lead":20,"minecraft:diamond_sword":20,"minecraft:enchanted_book":88,"minecraft:brewing_stand":1,"minecraft:golden_sword":3,"minecraft:music_disc_cat":3,"minecraft:string":121,"minecraft:diamond_leggings":19,"minecraft:gold_nugget":321,"minecraft:cobbled_deepslate":428,"minecraft:netherite_upgrade_smithing_template":32,"minecraft:hopper_minecart":2,"minecraft:composter":15,"minecraft:big_dripleaf":1,"minecraft:golden_axe":1,"minecraft:cherry_log":27,"minecraft:stone_sword":5,"minecraft:end_rod":1,"minecraft:netherite_chestplate":4,"minecraft:blaze_rod":13,"minecraft:birch_log":2,"minecraft:cooked_beef":67,"minecraft:feather":96,"minecraft:water_bucket":18,"minecraft:netherite_leggings":4,"minecraft:twisting_vines":4,"minecraft:chipped_anvil":2,"minecraft:stonecutter":1,"minecraft:diamond_helmet":19,"minecraft:glowstone_dust":69,"minecraft:chiseled_polished_blackstone":6,"minecraft:dropper":15,"minecraft:ink_sac":42,"minecraft:dark_oak_log":43,"minecraft:iron_hoe":3,"minecraft:dispenser":3,"minecraft:lever":5,"minecraft:granite":3,"minecraft:golden_horse_armor":1,"minecraft:bread":1217,"minecraft:crimson_roots":8,"minecraft:diamond_pickaxe":32,"minecraft:crafting_table":12,"minecraft:nether_wart":25,"minecraft:cornflower":7,"minecraft:elytra":5,"minecraft:flint_and_steel":2,"minecraft:white_carpet":16,"minecraft:iron_shovel":1,"minecraft:netherite_sword":4,"minecraft:beef":55,"minecraft:iron_nugget":7,"minecraft:poppy":32,"minecraft:minecart":17,"minecraft:chest":96,"minecraft:birch_sapling":1,"minecraft:piston":20,"minecraft:egg":42,"minecraft:stone":561,"minecraft:oak_door":7,"minecraft:glow_item_frame":29,"minecraft:carrot":61,"minecraft:redstone":143,"minecraft:netherite_pickaxe":4,"minecraft:tnt":5,"minecraft:stone_shovel":9,"minecraft:diamond_chestplate":19,"minecraft:beetroot_seeds":1,"minecraft:diamond_boots":16,"minecraft:gold_ingot":21,"minecraft:totem_of_undying":17,"minecraft:glow_berries":1,"minecraft:mutton":80,"minecraft:bone_block":28,"minecraft:rail":508,"minecraft:white_wool":216,"minecraft:oxeye_daisy":3,"minecraft:stripped_oak_log":160,"minecraft:red_mushroom":10,"minecraft:oak_log":650,"minecraft:ancient_debris":2,"minecraft:golden_boots":1,"minecraft:white_banner":81,"minecraft:stone_bricks":128,"minecraft:apple":222,"minecraft:oak_fence_gate":17,"minecraft:stone_pickaxe":9,"minecraft:glass_bottle":12,"minecraft:gravel":6,"minecraft:crying_obsidian":5,"minecraft:dragon_egg":1,"minecraft:leather_helmet":1,"minecraft:firework_rocket":293,"minecraft:diamond_shovel":8,"minecraft:coal_ore":12,"minecraft:stone_axe":9,"minecraft:diamond_axe":22,"minecraft:painting":8,"minecraft:gray_wool":2,"minecraft:oak_button":64,"minecraft:baked_potato":5,"minecraft:melon_seeds":4,"minecraft:hopper":8,"minecraft:ender_pearl":106,"minecraft:wheat":51,"minecraft:nether_brick_fence":1,"minecraft:gilded_blackstone":22,"minecraft:stone_brick_stairs":9,"minecraft:lapis_block":36,"minecraft:smooth_stone_slab":62,"minecraft:sticky_piston":85,"minecraft:netherite_ingot":10,"minecraft:experience_bottle":1,"minecraft:oak_sign":19,"minecraft:smooth_stone":514,"minecraft:comparator":1,"minecraft:bucket":5,"minecraft:redstone_torch":45,"minecraft:cobblestone_slab":84,"minecraft:ender_eye":6,"minecraft:iron_pickaxe":3,"minecraft:tipped_arrow":8,"minecraft:stick":4254,"minecraft:oak_fence":22,"minecraft:torch":203,"minecraft:porkchop":131,"minecraft:diorite":13,"minecraft:pointed_dripstone":17,"minecraft:goat_horn":6,"minecraft:quartz_block":48,"minecraft:rotten_flesh":277,"minecraft:cobblestone":1894,"minecraft:pink_petals":23,"minecraft:repeater":8,"minecraft:andesite":2,"minecraft:golden_leggings":3,"minecraft:potato":72,"minecraft:tuff":1,"minecraft:wither_skeleton_skull":1,"minecraft:dirt":1606,"minecraft:name_tag":2,"minecraft:glass":160,"minecraft:bone":105,"minecraft:bow":36,"minecraft:wheat_seeds":405,"minecraft:bell":9,"minecraft:grindstone":3,"minecraft:fletching_table":37,"minecraft:powered_rail":35,"minecraft:oak_planks":555,"minecraft:ghast_tear":1,"minecraft:cooked_porkchop":94,"minecraft:sand":63,"minecraft:grass_block":4,"minecraft:shulker_box":1,"minecraft:sugar":2,"minecraft:diamond":1,"minecraft:netherite_helmet":4,"minecraft:cracked_polished_blackstone_bricks":39,"minecraft:crossbow":58,"minecraft:bone_meal":3316,"minecraft:golden_apple":13,"minecraft:emerald":489,"minecraft:oak_sapling":374,"minecraft:netherrack":822,"minecraft:chorus_fruit":181,"minecraft:oak_leaves":851,"minecraft:chicken":29,"minecraft:brown_mushroom":6,"minecraft:wooden_pickaxe":2,"minecraft:stone_brick_wall":1,"minecraft:gold_block":9,"minecraft:shield":23,"minecraft:oak_trapdoor":13,"minecraft:stone_stairs":5,"minecraft:iron_axe":17,"minecraft:blackstone":111,"minecraft:oak_boat":13,"minecraft:observer":89,"minecraft:lectern":7,"minecraft:sugar_cane":117,"minecraft:spruce_trapdoor":31,"minecraft:phantom_membrane":8,"minecraft:dark_oak_sapling":21,"minecraft:raw_iron":4,"minecraft:stripped_crimson_hyphae":1,"minecraft:end_stone":61,"minecraft:bowl":8,"minecraft:note_block":1,"minecraft:polished_blackstone_bricks":15,"minecraft:stone_button":2,"minecraft:light_blue_bed":20,"minecraft:dark_oak_planks":134,"minecraft:arrow":1048,"minecraft:pumpkin_pie":14,"minecraft:golden_hoe":1,"minecraft:nether_bricks":4,"minecraft:saddle":20,"minecraft:netherite_boots":4,"minecraft:basalt":37,"minecraft:golden_carrot":9,"minecraft:glow_ink_sac":37,"minecraft:leather":95,"minecraft:mushroom_stew":2,"minecraft:gunpowder":65,"minecraft:cobblestone_stairs":1,"minecraft:cooked_mutton":7,"minecraft:red_carpet":1,"minecraft:rabbit_hide":40,"minecraft:iron_ingot":128,"minecraft:cooked_chicken":1,"minecraft:book":20,"minecraft:oak_slab":49,"minecraft:warped_fungus":1,"minecraft:pumpkin":32,"minecraft:chiseled_stone_bricks":24,"minecraft:stone_brick_slab":6,"minecraft:quartz":293,"minecraft:dandelion":14,"minecraft:dripstone_block":3,"minecraft:lava_bucket":2,"minecraft:blast_furnace":3,"minecraft:white_bed":92,"minecraft:spider_eye":37,"minecraft:pumpkin_seeds":4,"minecraft:black_wool":1,"minecraft:coal":89,"minecraft:sunflower":10},"minecraft:crafted":{"minecraft:oak_sign":12,"minecraft:diamond_shovel":3,"minecraft:quartz_block":64,"minecraft:glass":988,"minecraft:diamond_helmet":2,"minecraft:diamond_leggings":2,"minecraft:netherite_boots":1,"minecraft:emerald":1605,"minecraft:cooked_porkchop":9,"minecraft:diamond_axe":2,"minecraft:fletching_table":3,"minecraft:painting":1,"minecraft:stone_brick_stairs":4,"minecraft:light_blue_bed":4,"minecraft:gold_ingot":42,"minecraft:netherite_ingot":1,"minecraft:smooth_stone_slab":54,"minecraft:bone_meal":117,"minecraft:stone_stairs":4,"minecraft:ladder":54,"minecraft:stone_pickaxe":2,"minecraft:diamond_boots":2,"minecraft:dark_oak_planks":124,"minecraft:crossbow":7,"minecraft:netherite_pickaxe":1,"minecraft:enchanted_book":38,"minecraft:oak_fence_gate":12,"minecraft:golden_apple":2,"minecraft:oak_stairs":4,"minecraft:white_bed":13,"minecraft:oak_planks":13372,"minecraft:cobblestone_slab":120,"minecraft:cobblestone_stairs":12,"minecraft:hopper":4,"minecraft:stone_brick_slab":36,"minecraft:bow":6,"minecraft:chest":5,"minecraft:netherite_helmet":1,"minecraft:chiseled_stone_bricks":18,"minecraft:rail":240,"minecraft:stone_bricks":185,"minecraft:oak_fence":237,"minecraft:golden_sword":1,"minecraft:oak_slab":390,"minecraft:item_frame":3,"minecraft:crafting_table":13,"minecraft:hopper_minecart":2,"minecraft:dispenser":3,"minecraft:tnt":1,"minecraft:book":23,"minecraft:iron_chestplate":1,"minecraft:paper":459,"minecraft:diamond_pickaxe":3,"minecraft:emerald_block":80,"minecraft:shield":2,"minecraft:stick":24920,"minecraft:light_blue_dye":4,"minecraft:iron_ingot":18,"minecraft:stone_sword":3,"minecraft:redstone_torch":10,"minecraft:shears":4,"minecraft:cherry_planks":108,"minecraft:netherite_sword":1,"minecraft:furnace":1,"minecraft:stone_button":2,"minecraft:sugar_cane":8,"minecraft:oak_trapdoor":44,"minecraft:netherite_chestplate":1,"minecraft:netherite_leggings":1,"minecraft:iron_hoe":4,"minecraft:netherite_scrap":5,"minecraft:observer":24,"minecraft:minecart":22,"minecraft:diamond_sword":3,"minecraft:bell":1,"minecraft:bucket":8,"minecraft:stone_axe":2,"minecraft:bread":192,"minecraft:air":0,"minecraft:blue_dye":2,"minecraft:white_dye":2,"minecraft:stonecutter":1,"minecraft:torch":44,"minecraft:diamond_chestplate":2,"minecraft:firework_rocket":12}},"DataVersion":3700}