{"stats":{"minecraft:mined":{"minecraft:white_bed":67,"minecraft:cobblestone_stairs":1,"minecraft:cherry_log":27,"minecraft:brewing_stand":1,"minecraft:spruce_trapdoor":23,"minecraft:granite":1,"minecraft:chiseled_polished_blackstone":4,"minecraft:stripped_crimson_hyphae":1,"minecraft:grass_block":182,"minecraft:cracked_polished_blackstone_bricks":29,"minecraft:composter":10,"minecraft:crimson_fungus":1,"minecraft:oak_wall_sign":10,"minecraft:chiseled_stone_bricks":3,"minecraft:gilded_blackstone":14,"minecraft:spawner":1,"minecraft:smooth_stone":23,"minecraft:polished_blackstone_bricks":6,"minecraft:glowstone":21,"minecraft:fire":8,"minecraft:cobbled_deepslate":15,"minecraft:pumpkin":11,"minecraft:fletching_table":30,"minecraft:anvil":2,"minecraft:dirt_path":1,"minecraft:piston_head":1,"minecraft:quartz_block":48,"minecraft:blackstone":116,"minecraft:crimson_nylium":7,"minecraft:soul_fire":9,"minecraft:torch":21,"minecraft:blast_furnace":3,"minecraft:poppy":2,"minecraft:chest":62,"minecraft:nether_quartz_ore":132,"minecraft:glass":120,"minecraft:wither_skeleton_wall_skull":1,"minecraft:cobblestone":217,"minecraft:grindstone":3,"minecraft:sugar_cane":65,"minecraft:oak_planks":52,"minecraft:wall_torch":6,"minecraft:pink_petals":9,"minecraft:stone_stairs":2,"minecraft:powered_rail":35,"minecraft:birch_log":1,"minecraft:wheat":175,"minecraft:smooth_stone_slab":28,"minecraft:oak_log":246,"minecraft:beetroots":1,"minecraft:oak_fence_gate":16,"minecraft:dirt":419,"minecraft:ancient_debris":1,"minecraft:netherrack":677,"minecraft:piston":7,"minecraft:oak_leaves":797,"minecraft:nether_gold_ore":43,"minecraft:oak_door":4,"minecraft:dark_oak_log":17,"minecraft:end_stone":69,"minecraft:nether_bricks":7,"minecraft:stone_button":2,"minecraft:crimson_roots":2,"minecraft:redstone_wire":14,"minecraft:large_fern":2,"minecraft:oak_trapdoor":6,"minecraft:carrots":39,"minecraft:gold_block":9,"minecraft:bell":4,"minecraft:nether_brick_fence":1,"minecraft:bookshelf":1,"minecraft:potatoes":15,"minecraft:cobblestone_slab":14,"minecraft:vine":1,"minecraft:rail":278,"minecraft:stripped_oak_log":73,"minecraft:chorus_plant":20,"minecraft:stone":399,"minecraft:white_wool":6,"minecraft:redstone_wall_torch":1,"minecraft:smithing_table":1,"minecraft:oak_slab":19,"minecraft:basalt":11,"minecraft:stone_brick_slab":6,"minecraft:observer":1,"minecraft:oak_fence":21,"minecraft:crafting_table":9,"minecraft:cornflower":3,"minecraft:short_grass":156,"minecraft:lectern":1,"minecraft:tall_grass":19,"minecraft:light_blue_bed":18,"minecraft:redstone_torch":15,"minecraft:birch_leaves":9,"minecraft:white_wall_banner":1,"minecraft:coal_ore":22,"minecraft:cherry_leaves":4,"minecraft:end_rod":1,"minecraft:sunflower":1,"minecraft:dripstone_block":2,"minecraft:oak_button":64,"minecraft:stone_bricks":67,"minecraft:chipped_anvil":2},"minecraft:killed":{"minecraft:zombified_piglin":13,"minecraft:witch":7,"minecraft:spider":24,"minecraft:skeleton":31,"minecraft:chicken":6,"minecraft:piglin_brute":1,"minecraft:cat":1,"minecraft:magma_cube":4,"minecraft:piglin":20,"minecraft:pig":28,"minecraft:iron_golem":8,"minecraft:ender_dragon":1,"minecraft:creeper":16,"minecraft:sheep":19,"minecraft:trader_llama":2,"minecraft:pillager":148,"minecraft:zombie":53,"minecraft:blaze":23,"minecraft:cow":18,"minecraft:evoker":5,"minecraft:vex":7,"minecraft:vindicator":5,"minecraft:phantom":9,"minecraft:horse":5,"minecraft:ravager":4,"minecraft:hoglin":3,"minecraft:wither_skeleton":2,"minecraft:villager":13,"minecraft:enderman":3804},"minecraft:used":{"minecraft:nether_brick_fence":1,"minecraft:poppy":3,"minecraft:dispenser":3,"minecraft:ladder":52,"minecraft:oak_sign":8,"minecraft:chest":86,"minecraft:shield":119,"minecraft:stone":105,"minecraft:bell":1,"minecraft:nether_bricks":4,"minecraft:carrot":34,"minecraft:big_dripleaf":1,"minecraft:glass":787,"minecraft:lava_bucket":1,"minecraft:grass_block":2,"minecraft:quartz_block":44,"minecraft:light_blue_bed":20,"minecraft:hopper_minecart":2,"minecraft:stone_brick_stairs":2,"minecraft:stone_bricks":308,"minecraft:bow":1165,"minecraft:furnace":1,"minecraft:oak_sapling":13,"minecraft:beetroot_seeds":1,"minecraft:egg":5,"minecraft:chiseled_polished_blackstone":6,"minecraft:end_rod":1,"minecraft:diamond_boots":1,"minecraft:wither_skeleton_skull":4,"minecraft:stone_pickaxe":17,"minecraft:chorus_fruit":2,"minecraft:powered_rail":97,"minecraft:oak_planks":116,"minecraft:blackstone":107,"minecraft:ender_pearl":28,"minecraft:composter":9,"minecraft:diamond_axe":1024,"minecraft:sugar_cane":45,"minecraft:oak_leaves":597,"minecraft:white_wool":8,"minecraft:golden_apple":2,"minecraft:mushroom_stew":2,"minecraft:blast_furnace":2,"minecraft:crossbow":2,"minecraft:shears":615,"minecraft:end_stone":45,"minecraft:redstone_torch":30,"minecraft:lever":3,"minecraft:firework_rocket":12,"minecraft:bread":109,"minecraft:stone_button":4,"minecraft:gravel":3,"minecraft:diamond_sword":1430,"minecraft:grindstone":2,"minecraft:smithing_table":1,"minecraft:oak_boat":11,"minecraft:smooth_stone_slab":71,"minecraft:bone_meal":36,"minecraft:oak_fence":152,"minecraft:oak_trapdoor":33,"minecraft:netherite_sword":363,"minecraft:redstone":44,"minecraft:netherrack":460,"minecraft:oak_door":5,"minecraft:torch":71,"minecraft:dragon_egg":1,"minecraft:anvil":2,"minecraft:dirt":264,"minecraft:ancient_debris":1,"minecraft:wheat":1,"minecraft:hopper":8,"minecraft:stone_stairs":3,"minecraft:diamond_helmet":2,"minecraft:granite":2,"minecraft:oak_fence_gate":24,"minecraft:iron_hoe":191,"minecraft:stone_brick_slab":5,"minecraft:dark_oak_planks":21,"minecraft:bookshelf":1,"minecraft:iron_block":4,"minecraft:iron_axe":7,"minecraft:totem_of_undying":2,"minecraft:diamond_chestplate":3,"minecraft:basalt":10,"minecraft:minecart":14,"minecraft:netherite_pickaxe":18,"minecraft:observer":26,"minecraft:cooked_beef":27,"minecraft:cobbled_deepslate":275,"minecraft:pumpkin":1,"minecraft:wheat_seeds":359,"minecraft:cooked_mutton":4,"minecraft:water_bucket":101,"minecraft:cobblestone_stairs":10,"minecraft:baked_potato":2,"minecraft:stonecutter":1,"minecraft:fletching_table":28,"minecraft:cobblestone_slab":105,"minecraft:polished_blackstone_bricks":11,"minecraft:glow_item_frame":32,"minecraft:rail":444,"minecraft:crafting_table":18,"minecraft:oak_slab":291,"minecraft:white_bed":72,"minecraft:painting":8,"minecraft:oak_log":11,"minecraft:piston":32,"minecraft:diamond_pickaxe":2315,"minecraft:black_wool":1,"minecraft:diamond_shovel":511,"minecraft:sunflower":1,"minecraft:cracked_polished_blackstone_bricks":38,"minecraft:iron_pickaxe":54,"minecraft:spruce_trapdoor":10,"minecraft:golden_leggings":2,"minecraft:stone_axe":43,"minecraft:chiseled_stone_bricks":7,"minecraft:pink_petals":7,"minecraft:cobblestone":1443,"minecraft:white_banner":4,"minecraft:cooked_porkchop":25,"minecraft:bucket":104,"minecraft:pumpkin_pie":3,"minecraft:stripped_oak_log":1,"minecraft:gray_wool":1,"minecraft:splash_potion":2,"minecraft:diamond_leggings":3,"minecraft:smooth_stone":33},"minecraft:dropped":{"minecraft:brown_mushroom":2,"minecraft:porkchop":20,"minecraft:diamond_axe":3,"minecraft:oak_log":32,"minecraft:cooked_beef":42,"minecraft:baked_potato":1,"minecraft:ender_pearl":1243,"minecraft:cooked_porkchop":11,"minecraft:netherite_upgrade_smithing_template":11,"minecraft:crossbow":18,"minecraft:leather":5,"minecraft:saddle":1,"minecraft:rail":31,"minecraft:leather_helmet":1,"minecraft:flint":4,"minecraft:cracked_polished_blackstone_bricks":1,"minecraft:dirt":67,"minecraft:cornflower":2,"minecraft:mutton":15,"minecraft:crimson_roots":2,"minecraft:gold_nugget":1,"minecraft:bone_meal":19,"minecraft:phantom_membrane":8,"minecraft:polished_blackstone_bricks":2,"minecraft:iron_pickaxe":2,"minecraft:sugar":2,"minecraft:dark_oak_planks":2,"minecraft:white_wool":4,"minecraft:bone":2,"minecraft:oak_door":1,"minecraft:stone_axe":4,"minecraft:blackstone":4,"minecraft:goat_horn":1,"minecraft:cooked_chicken":1,"minecraft:cobbled_deepslate":4,"minecraft:birch_sapling":1,"minecraft:pointed_dripstone":15,"minecraft:rotten_flesh":17,"minecraft:oak_planks":105,"minecraft:diamond_shovel":2,"minecraft:glowstone_dust":1,"minecraft:stone_stairs":3,"minecraft:cooked_mutton":2,"minecraft:white_bed":7,"minecraft:carrot":15,"minecraft:chiseled_stone_bricks":1,"minecraft:poppy":5,"minecraft:gunpowder":10,"minecraft:coal_ore":6,"minecraft:chest":18,"minecraft:arrow":279,"minecraft:glass":89,"minecraft:beef":16,"minecraft:crying_obsidian":5,"minecraft:oak_leaves":4,"minecraft:netherrack":32,"minecraft:enchanted_book":12,"minecraft:egg":4,"minecraft:iron_ingot":3,"minecraft:water_bucket":1,"minecraft:bread":723,"minecraft:oak_slab":11,"minecraft:wheat_seeds":19,"minecraft:minecart":1,"minecraft:diamond_leggings":5,"minecraft:book":1,"minecraft:cobblestone":2873,"minecraft:apple":64,"minecraft:grass_block":1,"minecraft:coal":6,"minecraft:stick":603,"minecraft:golden_apple":2,"minecraft:diorite":1,"minecraft:diamond_helmet":4,"minecraft:white_banner":7,"minecraft:iron_axe":9,"minecraft:string":7,"minecraft:smooth_stone":6,"minecraft:iron_shovel":1,"minecraft:pink_petals":8,"minecraft:bucket":5,"minecraft:dandelion":2,"minecraft:redstone":2,"minecraft:oak_trapdoor":1,"minecraft:netherite_ingot":3,"minecraft:stone_sword":1,"minecraft:blaze_rod":7,"minecraft:bowl":1,"minecraft:tuff":1,"minecraft:stone_shovel":5,"minecraft:chicken":4,"minecraft:oak_sign":1,"minecraft:shulker_box":1,"minecraft:diamond_sword":1,"minecraft:cobblestone_slab":4,"minecraft:stone":24,"minecraft:diamond_chestplate":4,"minecraft:diamond_pickaxe":2,"minecraft:oak_sapling":4,"minecraft:golden_sword":2,"minecraft:stone_bricks":1,"minecraft:redstone_torch":8,"minecraft:spider_eye":25,"minecraft:diamond_boots":5,"minecraft:bow":8,"minecraft:stone_pickaxe":3,"minecraft:wooden_pickaxe":1},"minecraft:broken":{"minecraft:shears":2,"minecraft:shield":2,"minecraft:iron_axe":1},"minecraft:killed_by":{"minecraft:pillager":2,"minecraft:ravager":1,"minecraft:drowned":1,"minecraft:vindicator":3,"minecraft:zombie":5,"minecraft:vex":2,"minecraft:player":7,"minecraft:spider":1,"minecraft:skeleton":4},"minecraft:custom":{"minecraft:animals_bred":6,"minecraft:interact_with_crafting_table":120,"minecraft:open_shulker_box":9,"minecraft:bell_ring":19,"minecraft:leave_game":17,"minecraft:time_since_death":445900,"minecraft:damage_resisted":235,"minecraft:sprint_one_cm":1818184,"minecraft:damage_blocked_by_shield":7446,"minecraft:drop":797,"minecraft:talked_to_villager":347,"minecraft:play_time":1331214,"minecraft:deaths":33,"minecraft:jump":13481,"minecraft:walk_on_water_one_cm":140181,"minecraft:interact_with_furnace":13,"minecraft:traded_with_villager":1083,"minecraft:sleep_in_bed":38,"minecraft:damage_dealt":84479,"minecraft:interact_with_beacon":1,"minecraft:player_kills":1,"minecraft:crouch_one_cm":226366,"minecraft:inspect_dispenser":23,"minecraft:interact_with_smithing_table":6,"minecraft:mob_kills":4366,"minecraft:interact_with_anvil":35,"minecraft:inspect_hopper":11,"minecraft:climb_one_cm":21322,"minecraft:walk_one_cm":6337429,"minecraft:raid_win":3,"minecraft:sneak_time":66513,"minecraft:walk_under_water_one_cm":88906,"minecraft:boat_one_cm":123305,"minecraft:interact_with_blast_furnace":1,"minecraft:total_world_time":1331214,"minecraft:raid_trigger":2,"minecraft:interact_with_grindstone":3,"minecraft:interact_with_stonecutter":5,"minecraft:time_since_rest":26084,"minecraft:damage_taken":18244,"minecraft:damage_absorbed":87,"minecraft:minecart_one_cm":98560,"minecraft:swim_one_cm":3499,"minecraft:fly_one_cm":4108550,"minecraft:open_chest":1792,"minecraft:aviate_one_cm":80587,"minecraft:fall_one_cm":305950},"minecraft:picked_up":{"minecraft:wheat":50,"minecraft:nether_brick_fence":1,"minecraft:anvil":2,"minecraft:smithing_table":1,"minecraft:lead":20,"minecraft:diamond_sword":17,"minecraft:enchanted_book":83,"minecraft:gilded_blackstone":22,"minecraft:brewing_stand":1,"minecraft:golden_sword":3,"minecraft:lapis_block":36,"minecraft:music_disc_cat":3,"minecraft:string":119,"minecraft:smooth_stone_slab":34,"minecraft:netherite_ingot":10,"minecraft:experience_bottle":1,"minecraft:oak_sign":12,"minecraft:diamond_leggings":19,"minecraft:cobbled_deepslate":428,"minecraft:gold_nugget":321,"minecraft:smooth_stone":29,"minecraft:bucket":5,"minecraft:redstone_torch":34,"minecraft:cobblestone_slab":80,"minecraft:ender_eye":6,"minecraft:netherite_upgrade_smithing_template":32,"minecraft:hopper_minecart":2,"minecraft:iron_pickaxe":3,"minecraft:tipped_arrow":8,"minecraft:stick":4250,"minecraft:big_dripleaf":1,"minecraft:composter":15,"minecraft:oak_fence":22,"minecraft:torch":197,"minecraft:porkchop":131,"minecraft:golden_axe":1,"minecraft:cherry_log":27,"minecraft:pointed_dripstone":17,"minecraft:diorite":2,"minecraft:goat_horn":6,"minecraft:quartz_block":48,"minecraft:stone_sword":4,"minecraft:rotten_flesh":269,"minecraft:end_rod":1,"minecraft:netherite_chestplate":4,"minecraft:blaze_rod":13,"minecraft:cobblestone":1833,"minecraft:birch_log":2,"minecraft:pink_petals":23,"minecraft:feather":96,"minecraft:cooked_beef":67,"minecraft:water_bucket":18,"minecraft:golden_leggings":3,"minecraft:potato":72,"minecraft:tuff":1,"minecraft:wither_skeleton_skull":1,"minecraft:netherite_leggings":4,"minecraft:dirt":1380,"minecraft:name_tag":2,"minecraft:twisting_vines":4,"minecraft:glass":97,"minecraft:bone":105,"minecraft:chipped_anvil":2,"minecraft:bow":36,"minecraft:wheat_seeds":400,"minecraft:bell":9,"minecraft:grindstone":3,"minecraft:diamond_helmet":19,"minecraft:fletching_table":36,"minecraft:glowstone_dust":69,"minecraft:powered_rail":35,"minecraft:oak_planks":441,"minecraft:ghast_tear":1,"minecraft:chiseled_polished_blackstone":6,"minecraft:cooked_porkchop":82,"minecraft:sand":62,"minecraft:ink_sac":42,"minecraft:grass_block":4,"minecraft:dark_oak_log":43,"minecraft:shulker_box":1,"minecraft:iron_hoe":3,"minecraft:sugar":2,"minecraft:diamond":1,"minecraft:netherite_helmet":4,"minecraft:lever":1,"minecraft:cracked_polished_blackstone_bricks":39,"minecraft:crossbow":58,"minecraft:granite":2,"minecraft:bone_meal":4,"minecraft:golden_apple":13,"minecraft:bread":1217,"minecraft:golden_horse_armor":1,"minecraft:emerald":489,"minecraft:chorus_fruit":181,"minecraft:oak_sapling":368,"minecraft:netherrack":669,"minecraft:oak_leaves":833,"minecraft:crimson_roots":8,"minecraft:diamond_pickaxe":31,"minecraft:crafting_table":10,"minecraft:chicken":29,"minecraft:nether_wart":25,"minecraft:brown_mushroom":6,"minecraft:wooden_pickaxe":2,"minecraft:gold_block":9,"minecraft:shield":23,"minecraft:cornflower":7,"minecraft:oak_trapdoor":13,"minecraft:elytra":4,"minecraft:stone_stairs":5,"minecraft:iron_axe":17,"minecraft:flint_and_steel":2,"minecraft:iron_shovel":1,"minecraft:blackstone":111,"minecraft:netherite_sword":4,"minecraft:beef":55,"minecraft:oak_boat":11,"minecraft:observer":1,"minecraft:iron_nugget":7,"minecraft:poppy":30,"minecraft:lectern":1,"minecraft:minecart":17,"minecraft:sugar_cane":117,"minecraft:chest":93,"minecraft:birch_sapling":1,"minecraft:spruce_trapdoor":31,"minecraft:piston":8,"minecraft:phantom_membrane":8,"minecraft:egg":42,"minecraft:dark_oak_sapling":21,"minecraft:stripped_crimson_hyphae":1,"minecraft:end_stone":61,"minecraft:stone":560,"minecraft:oak_door":6,"minecraft:glow_item_frame":27,"minecraft:bowl":8,"minecraft:polished_blackstone_bricks":15,"minecraft:stone_button":2,"minecraft:carrot":61,"minecraft:netherite_pickaxe":4,"minecraft:redstone":46,"minecraft:light_blue_bed":20,"minecraft:dark_oak_planks":134,"minecraft:diamond_chestplate":19,"minecraft:stone_shovel":9,"minecraft:arrow":1048,"minecraft:beetroot_seeds":1,"minecraft:pumpkin_pie":14,"minecraft:golden_hoe":1,"minecraft:nether_bricks":4,"minecraft:diamond_boots":16,"minecraft:totem_of_undying":17,"minecraft:saddle":20,"minecraft:gold_ingot":21,"minecraft:glow_berries":1,"minecraft:mutton":80,"minecraft:white_wool":216,"minecraft:rail":508,"minecraft:bone_block":28,"minecraft:oxeye_daisy":2,"minecraft:stripped_oak_log":73,"minecraft:netherite_boots":4,"minecraft:basalt":37,"minecraft:golden_carrot":9,"minecraft:glow_ink_sac":37,"minecraft:leather":95,"minecraft:red_mushroom":10,"minecraft:mushroom_stew":2,"minecraft:oak_log":611,"minecraft:ancient_debris":2,"minecraft:gunpowder":62,"minecraft:cobblestone_stairs":1,"minecraft:white_banner":81,"minecraft:cooked_mutton":7,"minecraft:apple":221,"minecraft:stone_bricks":77,"minecraft:stone_pickaxe":9,"minecraft:rabbit_hide":40,"minecraft:oak_fence_gate":16,"minecraft:iron_ingot":125,"minecraft:cooked_chicken":1,"minecraft:glass_bottle":12,"minecraft:book":20,"minecraft:oak_slab":21,"minecraft:warped_fungus":1,"minecraft:pumpkin":32,"minecraft:chiseled_stone_bricks":24,"minecraft:stone_brick_slab":6,"minecraft:quartz":293,"minecraft:dandelion":14,"minecraft:dripstone_block":3,"minecraft:gravel":6,"minecraft:lava_bucket":2,"minecraft:blast_furnace":3,"minecraft:white_bed":88,"minecraft:crying_obsidian":5,"minecraft:dragon_egg":1,"minecraft:spider_eye":37,"minecraft:leather_helmet":1,"minecraft:firework_rocket":292,"minecraft:diamond_shovel":8,"minecraft:pumpkin_seeds":4,"minecraft:coal_ore":12,"minecraft:stone_axe":9,"minecraft:diamond_axe":22,"minecraft:painting":8,"minecraft:gray_wool":2,"minecraft:oak_button":64,"minecraft:baked_potato":5,"minecraft:black_wool":1,"minecraft:melon_seeds":4,"minecraft:coal":88,"minecraft:hopper":2,"minecraft:sunflower":10,"minecraft:ender_pearl":106},"minecraft:crafted":{"minecraft:oak_planks":13352,"minecraft:cobblestone_slab":120,"minecraft:oak_sign":6,"minecraft:cobblestone_stairs":12,"minecraft:diamond_shovel":3,"minecraft:glass":940,"minecraft:quartz_block":64,"minecraft:hopper":4,"minecraft:stone_brick_slab":36,"minecraft:diamond_helmet":2,"minecraft:bow":6,"minecraft:diamond_leggings":2,"minecraft:netherite_boots":1,"minecraft:chest":4,"minecraft:netherite_helmet":1,"minecraft:chiseled_stone_bricks":18,"minecraft:rail":240,"minecraft:stone_bricks":185,"minecraft:oak_fence":237,"minecraft:golden_sword":1,"minecraft:oak_slab":390,"minecraft:emerald":1490,"minecraft:cooked_porkchop":9,"minecraft:diamond_axe":2,"minecraft:crafting_table":12,"minecraft:fletching_table":3,"minecraft:hopper_minecart":2,"minecraft:painting":1,"minecraft:dispenser":3,"minecraft:stone_brick_stairs":4,"minecraft:emerald_block":80,"minecraft:book":7,"minecraft:paper":21,"minecraft:diamond_pickaxe":3,"minecraft:shield":2,"minecraft:stick":24892,"minecraft:light_blue_dye":4,"minecraft:iron_ingot":18,"minecraft:light_blue_bed":4,"minecraft:gold_ingot":42,"minecraft:netherite_ingot":1,"minecraft:redstone_torch":10,"minecraft:shears":4,"minecraft:cherry_planks":108,"minecraft:smooth_stone_slab":54,"minecraft:netherite_sword":1,"minecraft:furnace":1,"minecraft:stone_button":2,"minecraft:sugar_cane":8,"minecraft:bone_meal":117,"minecraft:oak_trapdoor":44,"minecraft:stone_stairs":4,"minecraft:netherite_chestplate":1,"minecraft:netherite_leggings":1,"minecraft:ladder":54,"minecraft:iron_hoe":4,"minecraft:stone_pickaxe":2,"minecraft:diamond_boots":2,"minecraft:netherite_scrap":5,"minecraft:dark_oak_planks":112,"minecraft:minecart":22,"minecraft:observer":24,"minecraft:crossbow":7,"minecraft:netherite_pickaxe":1,"minecraft:diamond_sword":3,"minecraft:bell":1,"minecraft:bucket":8,"minecraft:stone_axe":2,"minecraft:enchanted_book":37,"minecraft:bread":192,"minecraft:air":0,"minecraft:blue_dye":2,"minecraft:oak_fence_gate":8,"minecraft:golden_apple":2,"minecraft:white_dye":2,"minecraft:stonecutter":1,"minecraft:white_bed":13,"minecraft:torch":44,"minecraft:diamond_chestplate":2}},"DataVersion":3700}