{"stats":{"minecraft:custom":{"minecraft:interact_with_anvil":2,"minecraft:mob_kills":28,"minecraft:interact_with_crafting_table":23,"minecraft:leave_game":3,"minecraft:time_since_death":36940,"minecraft:sprint_one_cm":101943,"minecraft:walk_one_cm":62002,"minecraft:damage_blocked_by_shield":520,"minecraft:drop":69,"minecraft:play_time":36940,"minecraft:sneak_time":1081,"minecraft:walk_under_water_one_cm":527,"minecraft:jump":889,"minecraft:walk_on_water_one_cm":2762,"minecraft:enchant_item":11,"minecraft:total_world_time":36940,"minecraft:interact_with_furnace":6,"minecraft:time_since_rest":36940,"minecraft:damage_taken":244,"minecraft:damage_absorbed":62,"minecraft:damage_dealt":3108,"minecraft:swim_one_cm":2776,"minecraft:fly_one_cm":179084,"minecraft:crouch_one_cm":3980,"minecraft:fall_one_cm":21829},"minecraft:killed":{"minecraft:spider":1,"minecraft:skeleton":2,"minecraft:chicken":4,"minecraft:pig":6,"minecraft:zombie_villager":1,"minecraft:creeper":1,"minecraft:sheep":7,"minecraft:zombie":1,"minecraft:cow":4},"minecraft:used":{"minecraft:enchanting_table":1,"minecraft:stone_sword":38,"minecraft:flint_and_steel":3,"minecraft:melon":20,"minecraft:shield":8,"minecraft:anvil":2,"minecraft:bookshelf":12,"minecraft:iron_axe":9,"minecraft:diamond_chestplate":1,"minecraft:bow":6,"minecraft:cooked_cod":5,"minecraft:furnace":1,"minecraft:water_bucket":2,"minecraft:stone_pickaxe":22,"minecraft:ender_pearl":2,"minecraft:wooden_pickaxe":15,"minecraft:golden_apple":4,"minecraft:tnt":9,"minecraft:crafting_table":5,"minecraft:iron_pickaxe":15,"minecraft:diamond_ore":4,"minecraft:stone_axe":6,"minecraft:diamond_sword":46,"minecraft:andesite":4,"minecraft:bucket":2,"minecraft:experience_bottle":34},"minecraft:picked_up":{"minecraft:blaze_spawn_egg":8,"minecraft:crafting_table":5,"minecraft:redstone_block":9,"minecraft:anvil":7,"minecraft:leather_leggings":1,"minecraft:diamond_sword":2,"minecraft:brewing_stand":53,"minecraft:lapis_block":62,"minecraft:oak_trapdoor":84,"minecraft:string":4,"minecraft:iron_axe":2,"minecraft:iron_leggings":5,"minecraft:item_frame":14,"minecraft:experience_bottle":34,"minecraft:sugar_cane":15,"minecraft:egg":7,"minecraft:iron_boots":2,"minecraft:diamond_ore":10,"minecraft:stick":21,"minecraft:stone_button":20,"minecraft:tnt":4,"minecraft:arrow":76,"minecraft:cactus":13,"minecraft:diamond_chestplate":2,"minecraft:cooked_cod":53,"minecraft:golden_hoe":1,"minecraft:diamond_boots":1,"minecraft:iron_block":8,"minecraft:bookshelf":24,"minecraft:brick_stairs":11,"minecraft:obsidian":33,"minecraft:emerald_ore":46,"minecraft:white_wool":3,"minecraft:cobblestone":47,"minecraft:leather_chestplate":1,"minecraft:feather":21,"minecraft:cooked_beef":12,"minecraft:golden_carrot":16,"minecraft:water_bucket":2,"minecraft:andesite":9,"minecraft:leather":27,"minecraft:oak_log":6,"minecraft:cobblestone_stairs":13,"minecraft:dirt":133,"minecraft:cooked_mutton":9,"minecraft:apple":7,"minecraft:wheat_seeds":7,"minecraft:iron_ingot":11,"minecraft:cooked_chicken":4,"minecraft:cobweb":10,"minecraft:diamond_helmet":1,"minecraft:glass_bottle":46,"minecraft:oak_planks":7,"minecraft:emerald_block":7,"minecraft:cooked_porkchop":12,"minecraft:lava_bucket":1,"minecraft:sand":78,"minecraft:melon":40,"minecraft:grass_block":12,"minecraft:diamond_block":2,"minecraft:gold_ore":45,"minecraft:spruce_door":24,"minecraft:sugar":3,"minecraft:diamond":4,"minecraft:lever":7,"minecraft:iron_helmet":2,"minecraft:golden_apple":2,"minecraft:gray_wool":1,"minecraft:chainmail_helmet":1,"minecraft:ender_pearl":2},"minecraft:dropped":{"minecraft:water_bucket":1,"minecraft:enchanted_book":1,"minecraft:iron_ingot":3,"minecraft:wheat_seeds":6,"minecraft:emerald_ore":64,"minecraft:glass_bottle":46,"minecraft:diamond":1,"minecraft:crafting_table":2,"minecraft:feather":21,"minecraft:iron_helmet":2,"minecraft:cobblestone":31,"minecraft:spruce_door":24,"minecraft:chainmail_helmet":1,"minecraft:grass_block":12,"minecraft:item_frame":14,"minecraft:stick":5,"minecraft:cobblestone_stairs":13,"minecraft:dirt":134,"minecraft:melon":20,"minecraft:gray_wool":1,"minecraft:stone_button":20,"minecraft:blaze_spawn_egg":8,"minecraft:iron_leggings":5,"minecraft:sand":39,"minecraft:iron_axe":1,"minecraft:sugar":3,"minecraft:cactus":13,"minecraft:string":1,"minecraft:white_wool":3,"minecraft:stone_axe":1,"minecraft:sugar_cane":12,"minecraft:lever":7,"minecraft:oak_trapdoor":84,"minecraft:cooked_chicken":4,"minecraft:stone_sword":1,"minecraft:oak_planks":10,"minecraft:iron_boots":3,"minecraft:diamond_ore":6,"minecraft:leather_chestplate":1,"minecraft:brick_stairs":11,"minecraft:andesite":5,"minecraft:leather_leggings":1,"minecraft:arrow":26,"minecraft:stone_pickaxe":1,"minecraft:wooden_pickaxe":1,"minecraft:egg":3},"minecraft:crafted":{"minecraft:oak_planks":24,"minecraft:furnace":1,"minecraft:diamond":18,"minecraft:diamond_leggings":1,"minecraft:bow":1,"minecraft:iron_boots":1,"minecraft:stone_pickaxe":1,"minecraft:diamond_sword":2,"minecraft:crafting_table":2,"minecraft:enchanting_table":1,"minecraft:wooden_pickaxe":1,"minecraft:stone_axe":1,"minecraft:air":0,"minecraft:book":1,"minecraft:paper":3,"minecraft:golden_apple":5,"minecraft:shield":1,"minecraft:stick":8,"minecraft:iron_pickaxe":1,"minecraft:stone_sword":1,"minecraft:gold_ingot":20,"minecraft:diamond_chestplate":1},"minecraft:mined":{"minecraft:diamond_ore":4,"minecraft:grass_block":5,"minecraft:stone":39,"minecraft:crafting_table":3,"minecraft:tall_grass":10,"minecraft:sugar_cane":6,"minecraft:tnt":4,"minecraft:grass":32,"minecraft:oak_log":6,"minecraft:dirt":12,"minecraft:oak_leaves":8}},"DataVersion":3463}