{"stats":{"minecraft:custom":{"minecraft:interact_with_furnace":3,"minecraft:mob_kills":25,"minecraft:interact_with_crafting_table":21,"minecraft:leave_game":3,"minecraft:time_since_death":24940,"minecraft:time_since_rest":24940,"minecraft:sprint_one_cm":68589,"minecraft:damage_taken":105,"minecraft:walk_one_cm":43123,"minecraft:damage_blocked_by_shield":240,"minecraft:drop":56,"minecraft:damage_dealt":2828,"minecraft:fly_one_cm":95779,"minecraft:crouch_one_cm":401,"minecraft:play_time":24940,"minecraft:sneak_time":158,"minecraft:jump":516,"minecraft:enchant_item":7,"minecraft:total_world_time":24940,"minecraft:fall_one_cm":11148},"minecraft:killed":{"minecraft:pig":4,"minecraft:zombie_villager":1,"minecraft:spider":1,"minecraft:creeper":1,"minecraft:skeleton":2,"minecraft:sheep":6,"minecraft:zombie":1,"minecraft:chicken":4,"minecraft:cow":4},"minecraft:used":{"minecraft:melon":20,"minecraft:enchanting_table":1,"minecraft:stone_sword":38,"minecraft:flint_and_steel":1,"minecraft:stone_pickaxe":22,"minecraft:shield":4,"minecraft:wooden_pickaxe":15,"minecraft:tnt":1,"minecraft:crafting_table":5,"minecraft:bookshelf":12,"minecraft:iron_pickaxe":15,"minecraft:diamond_ore":4,"minecraft:stone_axe":6,"minecraft:diamond_chestplate":1,"minecraft:diamond_sword":35,"minecraft:furnace":1,"minecraft:cooked_cod":3,"minecraft:andesite":4,"minecraft:experience_bottle":24},"minecraft:dropped":{"minecraft:stone_axe":1,"minecraft:sugar_cane":12,"minecraft:lever":7,"minecraft:wheat_seeds":6,"minecraft:oak_trapdoor":84,"minecraft:stone_sword":1,"minecraft:emerald_ore":64,"minecraft:diamond":1,"minecraft:crafting_table":2,"minecraft:iron_helmet":2,"minecraft:feather":21,"minecraft:cobblestone":31,"minecraft:oak_planks":10,"minecraft:iron_boots":1,"minecraft:spruce_door":24,"minecraft:chainmail_helmet":1,"minecraft:item_frame":14,"minecraft:cobblestone_stairs":13,"minecraft:stick":5,"minecraft:melon":20,"minecraft:leather_chestplate":1,"minecraft:dirt":134,"minecraft:brick_stairs":11,"minecraft:stone_button":20,"minecraft:andesite":5,"minecraft:blaze_spawn_egg":8,"minecraft:iron_leggings":5,"minecraft:leather_leggings":1,"minecraft:iron_axe":1,"minecraft:sand":39,"minecraft:wooden_pickaxe":1,"minecraft:stone_pickaxe":1,"minecraft:cactus":13,"minecraft:white_wool":3,"minecraft:egg":3},"minecraft:picked_up":{"minecraft:blaze_spawn_egg":8,"minecraft:crafting_table":5,"minecraft:leather_chestplate":1,"minecraft:leather":11,"minecraft:feather":21,"minecraft:cooked_beef":12,"minecraft:redstone_block":9,"minecraft:water_bucket":1,"minecraft:leather_leggings":1,"minecraft:anvil":3,"minecraft:andesite":9,"minecraft:diamond_sword":1,"minecraft:oak_log":6,"minecraft:brewing_stand":4,"minecraft:cobblestone_stairs":13,"minecraft:string":4,"minecraft:lapis_block":18,"minecraft:dirt":127,"minecraft:oak_trapdoor":84,"minecraft:iron_axe":1,"minecraft:iron_leggings":5,"minecraft:cooked_mutton":8,"minecraft:item_frame":14,"minecraft:experience_bottle":24,"minecraft:wheat_seeds":6,"minecraft:iron_ingot":11,"minecraft:cooked_chicken":4,"minecraft:diamond_helmet":1,"minecraft:glass_bottle":46,"minecraft:sugar_cane":15,"minecraft:oak_planks":7,"minecraft:iron_boots":2,"minecraft:egg":3,"minecraft:diamond_ore":4,"minecraft:stick":19,"minecraft:emerald_block":7,"minecraft:cooked_porkchop":11,"minecraft:lava_bucket":1,"minecraft:sand":78,"minecraft:melon":40,"minecraft:stone_button":20,"minecraft:gold_ore":20,"minecraft:diamond_block":2,"minecraft:spruce_door":24,"minecraft:diamond_chestplate":2,"minecraft:cactus":13,"minecraft:arrow":50,"minecraft:sugar":3,"minecraft:cooked_cod":53,"minecraft:diamond":4,"minecraft:golden_hoe":1,"minecraft:lever":7,"minecraft:iron_helmet":2,"minecraft:gray_wool":1,"minecraft:bookshelf":12,"minecraft:chainmail_helmet":1,"minecraft:brick_stairs":11,"minecraft:obsidian":15,"minecraft:cobblestone":47,"minecraft:white_wool":3,"minecraft:emerald_ore":46,"minecraft:ender_pearl":2},"minecraft:crafted":{"minecraft:oak_planks":24,"minecraft:diamond_sword":2,"minecraft:crafting_table":2,"minecraft:enchanting_table":1,"minecraft:wooden_pickaxe":1,"minecraft:furnace":1,"minecraft:stone_axe":1,"minecraft:diamond":18,"minecraft:bow":1,"minecraft:iron_boots":1,"minecraft:diamond_leggings":1,"minecraft:book":1,"minecraft:paper":3,"minecraft:shield":1,"minecraft:stick":8,"minecraft:iron_pickaxe":1,"minecraft:stone_pickaxe":1,"minecraft:stone_sword":1,"minecraft:diamond_chestplate":1},"minecraft:mined":{"minecraft:diamond_ore":4,"minecraft:crafting_table":3,"minecraft:grass_block":5,"minecraft:tall_grass":10,"minecraft:sugar_cane":6,"minecraft:grass":19,"minecraft:oak_log":6,"minecraft:dirt":12,"minecraft:stone":39}},"DataVersion":3463}