{"stats":{"minecraft:custom":{"minecraft:interact_with_anvil":2,"minecraft:mob_kills":34,"minecraft:interact_with_crafting_table":30,"minecraft:leave_game":3,"minecraft:time_since_death":60940,"minecraft:climb_one_cm":126,"minecraft:sprint_one_cm":169031,"minecraft:walk_one_cm":107726,"minecraft:damage_blocked_by_shield":1525,"minecraft:drop":134,"minecraft:damage_dealt_absorbed":34,"minecraft:play_time":60940,"minecraft:sneak_time":1675,"minecraft:walk_under_water_one_cm":744,"minecraft:interact_with_brewingstand":40,"minecraft:jump":1414,"minecraft:walk_on_water_one_cm":6317,"minecraft:enchant_item":11,"minecraft:total_world_time":60940,"minecraft:interact_with_furnace":12,"minecraft:play_record":1,"minecraft:time_since_rest":60940,"minecraft:damage_taken":691,"minecraft:damage_absorbed":317,"minecraft:damage_dealt":4108,"minecraft:swim_one_cm":10797,"minecraft:fly_one_cm":287201,"minecraft:crouch_one_cm":5286,"minecraft:fall_one_cm":31747},"minecraft:killed":{"minecraft:spider":1,"minecraft:skeleton":2,"minecraft:chicken":5,"minecraft:pig":6,"minecraft:zombie_villager":1,"minecraft:creeper":1,"minecraft:sheep":7,"minecraft:zombie":1,"minecraft:blaze":5,"minecraft:cow":4},"minecraft:used":{"minecraft:music_disc_far":1,"minecraft:enchanting_table":1,"minecraft:stone_sword":38,"minecraft:flint_and_steel":6,"minecraft:melon":20,"minecraft:shield":17,"minecraft:brewing_stand":3,"minecraft:dirt":2,"minecraft:anvil":2,"minecraft:obsidian":2,"minecraft:bookshelf":12,"minecraft:iron_axe":23,"minecraft:blaze_spawn_egg":5,"minecraft:diamond_chestplate":1,"minecraft:bow":9,"minecraft:cooked_cod":5,"minecraft:furnace":2,"minecraft:water_bucket":4,"minecraft:glass_bottle":13,"minecraft:stone_pickaxe":22,"minecraft:ender_pearl":5,"minecraft:wooden_pickaxe":15,"minecraft:redstone_block":4,"minecraft:golden_apple":16,"minecraft:tnt":9,"minecraft:crafting_table":7,"minecraft:iron_pickaxe":26,"minecraft:diamond_ore":4,"minecraft:stone_axe":6,"minecraft:diamond_sword":82,"minecraft:potion":3,"minecraft:andesite":4,"minecraft:bucket":4,"minecraft:air":1,"minecraft:cobweb":1,"minecraft:jukebox":1,"minecraft:experience_bottle":34},"minecraft:dropped":{"minecraft:water_bucket":2,"minecraft:enchanted_book":1,"minecraft:iron_ingot":12,"minecraft:clay":2,"minecraft:iron_sword":1,"minecraft:wheat_seeds":8,"minecraft:emerald_ore":80,"minecraft:glass_bottle":46,"minecraft:diamond":1,"minecraft:crafting_table":2,"minecraft:bookshelf":18,"minecraft:cooked_porkchop":36,"minecraft:mangrove_propagule":2,"minecraft:feather":21,"minecraft:iron_helmet":2,"minecraft:cobblestone":31,"minecraft:leather":26,"minecraft:mossy_cobblestone_wall":7,"minecraft:spruce_door":24,"minecraft:chainmail_helmet":1,"minecraft:grass_block":12,"minecraft:item_frame":14,"minecraft:stick":30,"minecraft:cobblestone_stairs":13,"minecraft:iron_block":21,"minecraft:dirt":142,"minecraft:melon":20,"minecraft:gray_wool":1,"minecraft:brewing_stand":50,"minecraft:stone_button":47,"minecraft:cooked_cod":9,"minecraft:blaze_spawn_egg":15,"minecraft:diamond_helmet":1,"minecraft:iron_leggings":5,"minecraft:golden_hoe":1,"minecraft:sand":78,"minecraft:iron_axe":3,"minecraft:iron_pickaxe":2,"minecraft:sugar":12,"minecraft:cactus":13,"minecraft:string":1,"minecraft:fishing_rod":1,"minecraft:white_wool":3,"minecraft:lapis_block":64,"minecraft:redstone_block":21,"minecraft:redstone":61,"minecraft:gold_ingot":23,"minecraft:anvil":6,"minecraft:stone_axe":1,"minecraft:emerald_block":7,"minecraft:sugar_cane":21,"minecraft:lever":7,"minecraft:oak_trapdoor":84,"minecraft:cooked_chicken":4,"minecraft:nether_wart":21,"minecraft:stone_sword":1,"minecraft:jukebox":5,"minecraft:wheat":16,"minecraft:oak_planks":10,"minecraft:iron_boots":3,"minecraft:music_disc_far":2,"minecraft:blaze_powder":2,"minecraft:diamond_ore":6,"minecraft:diamond_sword":2,"minecraft:leather_chestplate":1,"minecraft:mangrove_log":17,"minecraft:brick_stairs":29,"minecraft:diamond_chestplate":2,"minecraft:andesite":5,"minecraft:oak_sapling":31,"minecraft:leather_leggings":1,"minecraft:arrow":27,"minecraft:powered_rail":15,"minecraft:stone_pickaxe":1,"minecraft:wooden_pickaxe":1,"minecraft:enchanting_table":3,"minecraft:egg":7},"minecraft:picked_up":{"minecraft:wheat":16,"minecraft:fishing_rod":1,"minecraft:blaze_spawn_egg":20,"minecraft:crafting_table":44,"minecraft:redstone_block":54,"minecraft:nether_wart":41,"minecraft:anvil":9,"minecraft:leather_leggings":1,"minecraft:diamond_sword":2,"minecraft:potion":6,"minecraft:brewing_stand":53,"minecraft:magma_cube_spawn_egg":10,"minecraft:lapis_block":62,"minecraft:oak_trapdoor":84,"minecraft:string":4,"minecraft:iron_axe":2,"minecraft:iron_leggings":5,"minecraft:item_frame":14,"minecraft:experience_bottle":34,"minecraft:mossy_cobblestone_wall":7,"minecraft:sugar_cane":33,"minecraft:mangrove_log":17,"minecraft:egg":7,"minecraft:iron_boots":2,"minecraft:diamond_ore":10,"minecraft:stick":87,"minecraft:jukebox":6,"minecraft:stone_button":47,"minecraft:tnt":4,"minecraft:arrow":80,"minecraft:cactus":13,"minecraft:diamond_chestplate":3,"minecraft:cooked_cod":71,"minecraft:golden_hoe":1,"minecraft:diamond_boots":1,"minecraft:iron_block":22,"minecraft:bookshelf":44,"minecraft:brick_stairs":29,"minecraft:blaze_rod":3,"minecraft:obsidian":54,"minecraft:emerald_ore":88,"minecraft:white_wool":3,"minecraft:cobblestone":55,"minecraft:enchanting_table":3,"minecraft:leather_chestplate":1,"minecraft:feather":21,"minecraft:cooked_beef":44,"minecraft:golden_carrot":57,"minecraft:water_bucket":4,"minecraft:andesite":9,"minecraft:leather":27,"minecraft:oak_log":11,"minecraft:cobblestone_stairs":13,"minecraft:dirt":137,"minecraft:cooked_mutton":9,"minecraft:apple":20,"minecraft:wheat_seeds":8,"minecraft:music_disc_far":3,"minecraft:iron_ingot":17,"minecraft:cooked_chicken":4,"minecraft:cobweb":19,"minecraft:diamond_helmet":2,"minecraft:glass_bottle":87,"minecraft:powered_rail":15,"minecraft:iron_sword":1,"minecraft:oak_planks":7,"minecraft:emerald_block":7,"minecraft:cooked_porkchop":48,"minecraft:quartz":9,"minecraft:lava_bucket":1,"minecraft:sand":78,"minecraft:melon":40,"minecraft:grass_block":12,"minecraft:diamond_block":6,"minecraft:gold_ore":83,"minecraft:spruce_door":24,"minecraft:sugar":5,"minecraft:clay":2,"minecraft:diamond":4,"minecraft:lever":7,"minecraft:iron_helmet":2,"minecraft:golden_apple":9,"minecraft:gray_wool":1,"minecraft:chainmail_helmet":1,"minecraft:oak_sapling":31,"minecraft:mangrove_propagule":2,"minecraft:ender_pearl":6},"minecraft:crafted":{"minecraft:oak_planks":44,"minecraft:redstone":73,"minecraft:blaze_powder":6,"minecraft:furnace":2,"minecraft:diamond":18,"minecraft:diamond_leggings":1,"minecraft:bow":1,"minecraft:iron_boots":1,"minecraft:iron_axe":1,"minecraft:stone_pickaxe":1,"minecraft:redstone_block":1,"minecraft:sugar":9,"minecraft:diamond_sword":2,"minecraft:crafting_table":3,"minecraft:enchanting_table":1,"minecraft:wooden_pickaxe":1,"minecraft:stone_axe":1,"minecraft:air":0,"minecraft:book":1,"minecraft:paper":3,"minecraft:golden_apple":15,"minecraft:shield":1,"minecraft:stick":8,"minecraft:iron_ingot":9,"minecraft:iron_pickaxe":2,"minecraft:stone_sword":1,"minecraft:gold_ingot":83,"minecraft:diamond_chestplate":1},"minecraft:mined":{"minecraft:diamond_ore":4,"minecraft:mangrove_roots":2,"minecraft:grass_block":6,"minecraft:fire":2,"minecraft:stone":47,"minecraft:redstone_block":3,"minecraft:crafting_table":4,"minecraft:tall_grass":15,"minecraft:sugar_cane":9,"minecraft:jukebox":1,"minecraft:birch_leaves":2,"minecraft:tnt":4,"minecraft:mangrove_leaves":2,"minecraft:grass":72,"minecraft:oak_log":6,"minecraft:dirt":13,"minecraft:oak_leaves":12}},"DataVersion":3463}