{"stats":{"minecraft:mined":{"minecraft:dark_oak_planks":4,"minecraft:white_bed":6,"minecraft:farmland":25,"minecraft:cobblestone_stairs":4,"minecraft:brewing_stand":1,"minecraft:carved_pumpkin":2,"minecraft:cave_vines_plant":8,"minecraft:granite":1,"minecraft:grass_block":346,"minecraft:composter":1,"minecraft:nether_wart":5,"minecraft:chiseled_stone_bricks":1,"minecraft:spawner":1,"minecraft:smooth_stone":1,"minecraft:weeping_vines_plant":1,"minecraft:magma_block":66,"minecraft:fire":27,"minecraft:iron_ore":80,"minecraft:cobbled_deepslate":1,"minecraft:pumpkin":9,"minecraft:fletching_table":8,"minecraft:anvil":4,"minecraft:enchanting_table":1,"minecraft:pointed_dripstone":7,"minecraft:cave_vines":13,"minecraft:dirt_path":42,"minecraft:oak_stairs":1,"minecraft:white_banner":1,"minecraft:iron_block":2,"minecraft:red_bed":7,"minecraft:crimson_nylium":3,"minecraft:soul_fire":2,"minecraft:torch":3,"minecraft:chest":3,"minecraft:mushroom_stem":1,"minecraft:nether_quartz_ore":5,"minecraft:wither_skeleton_wall_skull":9,"minecraft:cobblestone":88,"minecraft:grindstone":1,"minecraft:sugar_cane":20,"minecraft:oak_planks":18,"minecraft:wall_torch":5,"minecraft:wheat":40,"minecraft:oak_log":61,"minecraft:beetroots":6,"minecraft:dark_oak_sapling":1,"minecraft:dirt":401,"minecraft:red_mushroom_block":65,"minecraft:netherrack":1363,"minecraft:oak_leaves":8,"minecraft:deepslate":11,"minecraft:nether_gold_ore":7,"minecraft:deepslate_diamond_ore":17,"minecraft:mossy_cobblestone":2,"minecraft:dark_oak_leaves":5,"minecraft:dark_oak_log":19,"minecraft:shulker_box":46,"minecraft:end_stone":7,"minecraft:nether_bricks":4,"minecraft:crimson_roots":2,"minecraft:brown_mushroom_block":19,"minecraft:moss_block":1,"minecraft:hay_block":120,"minecraft:furnace":9,"minecraft:carrots":26,"minecraft:andesite":34,"minecraft:big_dripleaf_stem":1,"minecraft:nether_brick_fence":1,"minecraft:bookshelf":78,"minecraft:potatoes":9,"minecraft:deepslate_iron_ore":3,"minecraft:stone":1126,"minecraft:white_wool":2,"minecraft:ender_chest":2,"minecraft:glass_pane":4,"minecraft:dandelion":1,"minecraft:oak_fence":1,"minecraft:crafting_table":10,"minecraft:short_grass":70,"minecraft:lectern":138,"minecraft:copper_ore":2,"minecraft:tall_grass":25,"minecraft:deepslate_gold_ore":1,"minecraft:diorite":2,"minecraft:yellow_bed":1,"minecraft:coal_ore":39,"minecraft:end_rod":2,"minecraft:sunflower":1,"minecraft:gravel":9,"minecraft:dripstone_block":47,"minecraft:stone_bricks":117,"minecraft:chipped_anvil":7},"minecraft:killed":{"minecraft:zombified_piglin":3,"minecraft:witch":9,"minecraft:spider":4,"minecraft:skeleton":21,"minecraft:magma_cube":2,"minecraft:piglin":2,"minecraft:pig":7,"minecraft:iron_golem":2,"minecraft:creeper":3,"minecraft:sheep":5,"minecraft:pillager":98,"minecraft:zombie":52,"minecraft:blaze":8,"minecraft:cow":10,"minecraft:vex":11,"minecraft:evoker":8,"minecraft:vindicator":36,"minecraft:horse":4,"minecraft:ravager":8,"minecraft:hoglin":1,"minecraft:wither_skeleton":25,"minecraft:enderman":919},"minecraft:used":{"minecraft:elytra":25,"minecraft:chest":5,"minecraft:shield":78,"minecraft:stone":240,"minecraft:nether_wart":5,"minecraft:rotten_flesh":2,"minecraft:carrot":1,"minecraft:iron_helmet":1,"minecraft:stone_bricks":294,"minecraft:bow":659,"minecraft:hay_block":7,"minecraft:furnace":9,"minecraft:potato":15,"minecraft:dragon_head":1,"minecraft:dark_oak_sapling":1,"minecraft:diorite":1,"minecraft:end_rod":2,"minecraft:stone_pickaxe":289,"minecraft:oak_planks":289,"minecraft:ender_pearl":19,"minecraft:wooden_pickaxe":9,"minecraft:sugar_cane":23,"minecraft:diamond_axe":290,"minecraft:white_wool":2,"minecraft:golden_apple":9,"minecraft:glow_berries":6,"minecraft:mushroom_stew":3,"minecraft:crossbow":12,"minecraft:netherite_helmet":1,"minecraft:shears":9,"minecraft:redstone_torch":1,"minecraft:firework_rocket":225,"minecraft:bread":48,"minecraft:lectern":140,"minecraft:gravel":5,"minecraft:diamond_sword":737,"minecraft:grindstone":1,"minecraft:andesite":28,"minecraft:netherite_sword":92,"minecraft:enchanting_table":1,"minecraft:stone_sword":271,"minecraft:flint_and_steel":37,"minecraft:carved_pumpkin":9,"minecraft:stone_shovel":31,"minecraft:ender_chest":2,"minecraft:stone_hoe":144,"minecraft:netherrack":110,"minecraft:torch":230,"minecraft:dirt":252,"minecraft:anvil":4,"minecraft:shulker_box":45,"minecraft:dark_oak_planks":4,"minecraft:chipped_anvil":9,"minecraft:bookshelf":65,"minecraft:iron_block":38,"minecraft:oak_stairs":17,"minecraft:totem_of_undying":11,"minecraft:golden_carrot":172,"minecraft:beef":6,"minecraft:netherite_pickaxe":1728,"minecraft:cooked_beef":6,"minecraft:cobbled_deepslate":1,"minecraft:pumpkin":9,"minecraft:cooked_mutton":2,"minecraft:wheat_seeds":3,"minecraft:water_bucket":219,"minecraft:netherite_chestplate":19,"minecraft:fletching_table":12,"minecraft:glow_item_frame":5,"minecraft:crafting_table":14,"minecraft:red_bed":7,"minecraft:white_bed":9,"minecraft:diamond_pickaxe":1124,"minecraft:diamond_shovel":777,"minecraft:oak_button":64,"minecraft:iron_pickaxe":19,"minecraft:netherite_axe":26,"minecraft:stone_axe":175,"minecraft:chiseled_stone_bricks":1,"minecraft:cobblestone":365,"minecraft:porkchop":1,"minecraft:cooked_porkchop":7,"minecraft:bucket":222,"minecraft:smooth_stone":1},"minecraft:dropped":{"minecraft:moss_block":1,"minecraft:cooked_beef":3,"minecraft:oak_log":3,"minecraft:glass_bottle":5,"minecraft:ender_pearl":51,"minecraft:diamond":16,"minecraft:crafting_table":2,"minecraft:cooked_porkchop":6,"minecraft:crossbow":7,"minecraft:netherite_upgrade_smithing_template":11,"minecraft:glow_berries":1,"minecraft:leather":2,"minecraft:saddle":3,"minecraft:leather_helmet":1,"minecraft:flint":3,"minecraft:emerald":30,"minecraft:cobblestone_stairs":4,"minecraft:dirt":101,"minecraft:crimson_roots":6,"minecraft:gold_nugget":63,"minecraft:sunflower":2,"minecraft:sugar":2,"minecraft:iron_pickaxe":1,"minecraft:dark_oak_planks":5,"minecraft:white_wool":3,"minecraft:bone":74,"minecraft:oak_door":2,"minecraft:stone_axe":1,"minecraft:sugar_cane":1,"minecraft:cobbled_deepslate":1,"minecraft:netherite_sword":1,"minecraft:pointed_dripstone":7,"minecraft:beetroot":1,"minecraft:rotten_flesh":49,"minecraft:grindstone":1,"minecraft:oak_planks":45,"minecraft:diamond_shovel":1,"minecraft:end_stone":8,"minecraft:white_bed":13,"minecraft:carrot":1,"minecraft:poppy":5,"minecraft:gunpowder":5,"minecraft:beetroot_seeds":5,"minecraft:chest":1,"minecraft:arrow":70,"minecraft:quartz":5,"minecraft:netherrack":916,"minecraft:firework_rocket":2,"minecraft:enchanted_book":9,"minecraft:stone_hoe":1,"minecraft:iron_ingot":8,"minecraft:bread":66,"minecraft:wheat_seeds":23,"minecraft:mossy_cobblestone":1,"minecraft:dripstone_block":12,"minecraft:diamond_leggings":3,"minecraft:iron_helmet":1,"minecraft:cobblestone":267,"minecraft:book":1,"minecraft:granite":1,"minecraft:coal":130,"minecraft:golden_apple":5,"minecraft:mushroom_stew":2,"minecraft:stick":20,"minecraft:lava_bucket":2,"minecraft:oxeye_daisy":1,"minecraft:gray_wool":1,"minecraft:diorite":2,"minecraft:golden_carrot":3,"minecraft:torch":7,"minecraft:diamond_helmet":3,"minecraft:potion":1,"minecraft:iron_leggings":1,"minecraft:white_banner":8,"minecraft:iron_axe":2,"minecraft:pink_petals":10,"minecraft:dandelion":10,"minecraft:redstone":1,"minecraft:netherite_ingot":1,"minecraft:stone_sword":2,"minecraft:blaze_rod":8,"minecraft:raw_iron":34,"minecraft:stone_shovel":1,"minecraft:iron_boots":1,"minecraft:flint_and_steel":1,"minecraft:hay_block":34,"minecraft:shield":4,"minecraft:stone":2,"minecraft:diamond_chestplate":3,"minecraft:dragon_egg":1,"minecraft:diamond_pickaxe":1,"minecraft:iron_chestplate":1,"minecraft:andesite":28,"minecraft:yellow_bed":1,"minecraft:oak_sapling":2,"minecraft:stone_bricks":7,"minecraft:spider_eye":15,"minecraft:diamond_boots":3,"minecraft:bow":5,"minecraft:wooden_pickaxe":1,"minecraft:bell":4,"minecraft:black_wool":1},"minecraft:broken":{"minecraft:leather_leggings":1,"minecraft:stone_pickaxe":2,"minecraft:stone_sword":1,"minecraft:stone_hoe":1},"minecraft:killed_by":{"minecraft:zombie":2,"minecraft:player":5},"minecraft:custom":{"minecraft:animals_bred":1,"minecraft:interact_with_crafting_table":69,"minecraft:open_shulker_box":74,"minecraft:bell_ring":17,"minecraft:leave_game":14,"minecraft:time_since_death":138243,"minecraft:damage_resisted":326,"minecraft:sprint_one_cm":1882926,"minecraft:damage_blocked_by_shield":3335,"minecraft:drop":298,"minecraft:talked_to_villager":473,"minecraft:play_time":572529,"minecraft:deaths":9,"minecraft:jump":12552,"minecraft:walk_on_water_one_cm":58957,"minecraft:interact_with_furnace":42,"minecraft:traded_with_villager":988,"minecraft:sleep_in_bed":20,"minecraft:open_enderchest":2,"minecraft:damage_dealt":57310,"minecraft:interact_with_beacon":8,"minecraft:player_kills":2,"minecraft:crouch_one_cm":65692,"minecraft:interact_with_smithing_table":6,"minecraft:mob_kills":1266,"minecraft:interact_with_anvil":34,"minecraft:inspect_hopper":2,"minecraft:climb_one_cm":382,"minecraft:walk_one_cm":1345520,"minecraft:raid_win":5,"minecraft:sneak_time":23556,"minecraft:walk_under_water_one_cm":43905,"minecraft:interact_with_blast_furnace":11,"minecraft:total_world_time":572529,"minecraft:raid_trigger":2,"minecraft:interact_with_grindstone":1,"minecraft:time_since_rest":30376,"minecraft:damage_taken":24527,"minecraft:damage_absorbed":458,"minecraft:swim_one_cm":40664,"minecraft:fly_one_cm":2864654,"minecraft:open_chest":640,"minecraft:aviate_one_cm":2864458,"minecraft:fall_one_cm":360883},"minecraft:picked_up":{"minecraft:iron_chestplate":1,"minecraft:wheat":14,"minecraft:ender_chest":2,"minecraft:nether_brick_fence":1,"minecraft:anvil":4,"minecraft:lead":5,"minecraft:diamond_sword":2,"minecraft:oak_stairs":1,"minecraft:potion":2,"minecraft:enchanted_book":92,"minecraft:brewing_stand":1,"minecraft:music_disc_cat":1,"minecraft:string":5,"minecraft:raw_copper":13,"minecraft:netherite_ingot":5,"minecraft:experience_bottle":2,"minecraft:beetroot":1,"minecraft:diamond_leggings":3,"minecraft:smooth_stone":1,"minecraft:gold_nugget":74,"minecraft:cobbled_deepslate":12,"minecraft:bucket":6,"minecraft:redstone_torch":1,"minecraft:netherite_upgrade_smithing_template":15,"minecraft:iron_boots":1,"minecraft:furnace":15,"minecraft:stick":116,"minecraft:composter":1,"minecraft:big_dripleaf":1,"minecraft:torch":58,"minecraft:porkchop":27,"minecraft:pointed_dripstone":34,"minecraft:diorite":3,"minecraft:goat_horn":1,"minecraft:stone_sword":5,"minecraft:rotten_flesh":169,"minecraft:iron_block":65,"minecraft:carved_pumpkin":9,"minecraft:end_rod":2,"minecraft:netherite_chestplate":2,"minecraft:blaze_rod":14,"minecraft:blaze_powder":12,"minecraft:cobblestone":921,"minecraft:enchanting_table":1,"minecraft:pink_petals":10,"minecraft:magma_block":37,"minecraft:cooked_beef":12,"minecraft:magma_cream":24,"minecraft:water_bucket":4,"minecraft:andesite":84,"minecraft:potato":51,"minecraft:flint":4,"minecraft:wither_skeleton_skull":10,"minecraft:netherite_leggings":2,"minecraft:lapis_lazuli":5,"minecraft:dirt":585,"minecraft:bone":174,"minecraft:chipped_anvil":7,"minecraft:bow":7,"minecraft:wheat_seeds":202,"minecraft:raw_gold":9,"minecraft:bell":4,"minecraft:grindstone":2,"minecraft:diamond_helmet":3,"minecraft:fletching_table":8,"minecraft:glowstone_dust":69,"minecraft:moss_block":2,"minecraft:stone_hoe":3,"minecraft:oak_planks":318,"minecraft:ghast_tear":1,"minecraft:cooked_porkchop":26,"minecraft:shulker_box":47,"minecraft:dark_oak_log":29,"minecraft:mossy_cobblestone":1,"minecraft:sugar":4,"minecraft:diamond":148,"minecraft:netherite_helmet":2,"minecraft:crossbow":16,"minecraft:granite":1,"minecraft:golden_apple":1,"minecraft:emerald":162,"minecraft:bread":308,"minecraft:oak_sapling":139,"minecraft:netherrack":1879,"minecraft:crimson_roots":9,"minecraft:diamond_pickaxe":5,"minecraft:crafting_table":17,"minecraft:nether_wart":40,"minecraft:leather_leggings":3,"minecraft:brown_mushroom":16,"minecraft:wooden_pickaxe":4,"minecraft:dragon_head":1,"minecraft:shield":5,"minecraft:elytra":1,"minecraft:red_bed":7,"minecraft:iron_axe":7,"minecraft:netherite_scrap":3,"minecraft:netherite_sword":2,"minecraft:beef":37,"minecraft:poppy":21,"minecraft:lectern":140,"minecraft:sugar_cane":65,"minecraft:chest":23,"minecraft:phantom_membrane":5,"minecraft:egg":17,"minecraft:dark_oak_sapling":26,"minecraft:raw_iron":202,"minecraft:end_stone":24,"minecraft:stone":594,"minecraft:oak_door":4,"minecraft:glow_item_frame":10,"minecraft:bowl":22,"minecraft:carrot":84,"minecraft:redstone":130,"minecraft:dark_oak_planks":165,"minecraft:stone_shovel":2,"minecraft:arrow":630,"minecraft:diamond_chestplate":3,"minecraft:beetroot_seeds":7,"minecraft:nether_bricks":4,"minecraft:diamond_boots":3,"minecraft:hay_block":264,"minecraft:saddle":10,"minecraft:totem_of_undying":22,"minecraft:glow_berries":11,"minecraft:mutton":10,"minecraft:bone_block":28,"minecraft:white_wool":16,"minecraft:oxeye_daisy":4,"minecraft:netherite_boots":2,"minecraft:golden_carrot":133,"minecraft:glow_ink_sac":17,"minecraft:leather":38,"minecraft:red_mushroom":55,"minecraft:oak_log":125,"minecraft:yellow_bed":1,"minecraft:gunpowder":51,"minecraft:cobblestone_stairs":4,"minecraft:white_banner":37,"minecraft:cooked_mutton":1,"minecraft:apple":80,"minecraft:stone_bricks":118,"minecraft:iron_ingot":162,"minecraft:stone_pickaxe":8,"minecraft:glass_bottle":9,"minecraft:book":315,"minecraft:warped_fungus":1,"minecraft:emerald_block":86,"minecraft:pumpkin":63,"minecraft:chiseled_stone_bricks":1,"minecraft:quartz":10,"minecraft:dandelion":19,"minecraft:dripstone_block":50,"minecraft:gravel":5,"minecraft:white_bed":10,"minecraft:dragon_egg":1,"minecraft:spider_eye":32,"minecraft:leather_helmet":1,"minecraft:firework_rocket":234,"minecraft:diamond_shovel":3,"minecraft:pumpkin_seeds":76,"minecraft:coal_ore":6,"minecraft:stone_axe":7,"minecraft:iron_helmet":4,"minecraft:diamond_axe":2,"minecraft:gray_wool":3,"minecraft:black_wool":2,"minecraft:coal":190,"minecraft:ender_pearl":106,"minecraft:sunflower":10},"minecraft:crafted":{"minecraft:oak_planks":6644,"minecraft:diamond_shovel":1,"minecraft:bookshelf":40,"minecraft:cooked_mutton":2,"minecraft:glass":144,"minecraft:bow":23,"minecraft:iron_boots":2,"minecraft:chest":8,"minecraft:netherite_helmet":1,"minecraft:oak_button":64,"minecraft:stone_hoe":1,"minecraft:stone_bricks":408,"minecraft:name_tag":11,"minecraft:oak_slab":24,"minecraft:arrow":384,"minecraft:emerald":2570,"minecraft:cooked_porkchop":2,"minecraft:crafting_table":5,"minecraft:wooden_pickaxe":1,"minecraft:iron_helmet":2,"minecraft:clock":36,"minecraft:fletching_table":4,"minecraft:lectern":6,"minecraft:iron_chestplate":2,"minecraft:paper":201,"minecraft:emerald_block":141,"minecraft:shield":2,"minecraft:stick":11800,"minecraft:iron_ingot":53,"minecraft:iron_pickaxe":1,"minecraft:iron_block":291,"minecraft:stone_sword":2,"minecraft:shears":1,"minecraft:stone_shovel":1,"minecraft:netherite_sword":1,"minecraft:furnace":3,"minecraft:mushroom_stew":5,"minecraft:bone_meal":3,"minecraft:flint_and_steel":1,"minecraft:netherite_chestplate":1,"minecraft:lantern":12,"minecraft:iron_axe":1,"minecraft:stone_pickaxe":3,"minecraft:dark_oak_planks":96,"minecraft:wheat":898,"minecraft:cooked_beef":5,"minecraft:netherite_pickaxe":1,"minecraft:bowl":8,"minecraft:bucket":1,"minecraft:stone_axe":2,"minecraft:enchanted_book":35,"minecraft:bread":264,"minecraft:air":0,"minecraft:oak_stairs":16,"minecraft:iron_leggings":1,"minecraft:white_bed":22,"minecraft:torch":272,"minecraft:firework_rocket":444}},"DataVersion":3700}