{"stats":{"minecraft:custom":{"minecraft:mob_kills":9,"minecraft:interact_with_crafting_table":4,"minecraft:leave_game":3,"minecraft:time_since_death":12940,"minecraft:time_since_rest":12940,"minecraft:sprint_one_cm":39078,"minecraft:damage_taken":55,"minecraft:walk_one_cm":22584,"minecraft:drop":24,"minecraft:damage_dealt":688,"minecraft:fly_one_cm":53162,"minecraft:crouch_one_cm":268,"minecraft:play_time":12940,"minecraft:sneak_time":108,"minecraft:jump":295,"minecraft:total_world_time":12940,"minecraft:fall_one_cm":5162},"minecraft:killed":{"minecraft:pig":2,"minecraft:sheep":3,"minecraft:chicken":4},"minecraft:dropped":{"minecraft:sugar_cane":10,"minecraft:lever":7,"minecraft:wheat_seeds":6,"minecraft:oak_trapdoor":30,"minecraft:stone_sword":1,"minecraft:crafting_table":2,"minecraft:iron_helmet":1,"minecraft:feather":14,"minecraft:cobblestone":30,"minecraft:spruce_door":24,"minecraft:chainmail_helmet":1,"minecraft:stick":2,"minecraft:dirt":128,"minecraft:brick_stairs":11,"minecraft:stone_button":20,"minecraft:andesite":5,"minecraft:iron_leggings":2,"minecraft:leather_leggings":1,"minecraft:egg":3},"minecraft:used":{"minecraft:stone_sword":38,"minecraft:flint_and_steel":1,"minecraft:stone_pickaxe":22,"minecraft:wooden_pickaxe":15,"minecraft:tnt":1,"minecraft:crafting_table":3,"minecraft:stone_axe":4,"minecraft:cooked_cod":3,"minecraft:andesite":4},"minecraft:picked_up":{"minecraft:crafting_table":5,"minecraft:leather_chestplate":1,"minecraft:feather":21,"minecraft:cooked_beef":4,"minecraft:redstone_block":9,"minecraft:water_bucket":1,"minecraft:leather_leggings":1,"minecraft:anvil":3,"minecraft:andesite":9,"minecraft:diamond_sword":1,"minecraft:oak_log":6,"minecraft:brewing_stand":4,"minecraft:lapis_block":18,"minecraft:dirt":121,"minecraft:oak_trapdoor":30,"minecraft:iron_leggings":3,"minecraft:cooked_mutton":5,"minecraft:experience_bottle":24,"minecraft:wheat_seeds":6,"minecraft:iron_ingot":11,"minecraft:cooked_chicken":4,"minecraft:diamond_helmet":1,"minecraft:glass_bottle":32,"minecraft:sugar_cane":10,"minecraft:iron_boots":1,"minecraft:egg":3,"minecraft:diamond_ore":4,"minecraft:stick":5,"minecraft:emerald_block":7,"minecraft:cooked_porkchop":5,"minecraft:lava_bucket":1,"minecraft:sand":39,"minecraft:stone_button":20,"minecraft:diamond_block":1,"minecraft:spruce_door":24,"minecraft:cactus":11,"minecraft:arrow":37,"minecraft:sugar":3,"minecraft:cooked_cod":32,"minecraft:lever":7,"minecraft:iron_helmet":2,"minecraft:bookshelf":11,"minecraft:chainmail_helmet":1,"minecraft:brick_stairs":11,"minecraft:obsidian":15,"minecraft:cobblestone":38,"minecraft:white_wool":3,"minecraft:emerald_ore":46},"minecraft:crafted":{"minecraft:oak_planks":24,"minecraft:crafting_table":1,"minecraft:wooden_pickaxe":1,"minecraft:stone_axe":1,"minecraft:stick":4,"minecraft:stone_pickaxe":1,"minecraft:stone_sword":1},"minecraft:mined":{"minecraft:crafting_table":3,"minecraft:grass_block":2,"minecraft:tall_grass":9,"minecraft:sugar_cane":4,"minecraft:grass":11,"minecraft:oak_log":6,"minecraft:dirt":4,"minecraft:stone":30}},"DataVersion":3463}