{"stats":{"minecraft:custom":{"minecraft:interact_with_anvil":9,"minecraft:mob_kills":2,"minecraft:interact_with_crafting_table":14,"minecraft:time_since_death":48000,"minecraft:time_since_rest":48000,"minecraft:sprint_one_cm":170654,"minecraft:damage_taken":138,"minecraft:walk_one_cm":76069,"minecraft:damage_blocked_by_shield":255,"minecraft:drop":51,"minecraft:damage_dealt":274,"minecraft:damage_dealt_absorbed":62,"minecraft:swim_one_cm":13983,"minecraft:fly_one_cm":306764,"minecraft:open_chest":9,"minecraft:crouch_one_cm":6197,"minecraft:play_time":48000,"minecraft:sneak_time":1523,"minecraft:walk_under_water_one_cm":1169,"minecraft:jump":1054,"minecraft:walk_on_water_one_cm":4948,"minecraft:enchant_item":31,"minecraft:total_world_time":48000,"minecraft:fall_one_cm":24383},"minecraft:killed":{"minecraft:sheep":1},"minecraft:used":{"minecraft:emerald_ore":1,"minecraft:water_bucket":2,"minecraft:enchanting_table":2,"minecraft:ender_pearl":2,"minecraft:chest":7,"minecraft:shield":3,"minecraft:gold_ore":4,"minecraft:golden_apple":7,"minecraft:anvil":7,"minecraft:crafting_table":7,"minecraft:diamond_pickaxe":2,"minecraft:wooden_axe":1,"minecraft:lava_bucket":4,"minecraft:cobblestone":11,"minecraft:diamond_ore":15,"minecraft:blaze_spawn_egg":8,"minecraft:fishing_rod":3,"minecraft:diamond_chestplate":1,"minecraft:bow":10,"minecraft:diamond_sword":10,"minecraft:golden_carrot":3,"minecraft:bucket":6},"minecraft:picked_up":{"minecraft:sponge":29,"minecraft:fishing_rod":2,"minecraft:enchanting_table":41,"minecraft:blaze_spawn_egg":34,"minecraft:iron_chestplate":1,"minecraft:crafting_table":6,"minecraft:water_bucket":3,"minecraft:golden_carrot":52,"minecraft:anvil":7,"minecraft:leather":5,"minecraft:diamond_sword":2,"minecraft:enchanted_book":1,"minecraft:oak_log":12,"minecraft:cobblestone_stairs":18,"minecraft:lapis_block":78,"minecraft:string":2,"minecraft:oak_trapdoor":139,"minecraft:paper":15,"minecraft:iron_leggings":2,"minecraft:bone":16,"minecraft:glass":2,"minecraft:experience_bottle":26,"minecraft:activator_rail":38,"minecraft:bow":3,"minecraft:diamond_leggings":1,"minecraft:wheat_seeds":2,"minecraft:iron_ingot":30,"minecraft:cobweb":126,"minecraft:diamond_helmet":2,"minecraft:glass_bottle":29,"minecraft:sugar_cane":13,"minecraft:iron_sword":1,"minecraft:piston":9,"minecraft:diamond_ore":15,"minecraft:milk_bucket":1,"minecraft:sandstone":8,"minecraft:emerald_block":36,"minecraft:acacia_fence":2,"minecraft:jukebox":36,"minecraft:lava_bucket":2,"minecraft:sand":26,"minecraft:stone_button":28,"minecraft:spruce_log":43,"minecraft:diamond_block":16,"minecraft:gold_ore":157,"minecraft:tnt":15,"minecraft:diamond_chestplate":1,"minecraft:diamond":100,"minecraft:clay":7,"minecraft:diamond_boots":1,"minecraft:iron_helmet":1,"minecraft:golden_apple":9,"minecraft:bookshelf":4,"minecraft:gold_ingot":133,"minecraft:emerald":12,"minecraft:brick_stairs":9,"minecraft:oak_sapling":4,"minecraft:obsidian":6,"minecraft:diamond_pickaxe":3,"minecraft:cobblestone":56,"minecraft:emerald_ore":12,"minecraft:ender_pearl":7},"minecraft:dropped":{"minecraft:gold_ore":51,"minecraft:clay":7,"minecraft:iron_sword":1,"minecraft:piston":9,"minecraft:sugar_cane":11,"minecraft:wheat_seeds":1,"minecraft:oak_trapdoor":91,"minecraft:oak_log":9,"minecraft:glass_bottle":29,"minecraft:emerald_ore":11,"minecraft:bookshelf":4,"minecraft:experience_bottle":13,"minecraft:iron_helmet":1,"minecraft:oak_planks":3,"minecraft:leather":10,"minecraft:activator_rail":38,"minecraft:golden_apple":1,"minecraft:stick":2,"minecraft:emerald":6,"minecraft:cobblestone_stairs":18,"minecraft:brick_stairs":9,"minecraft:stone_button":14,"minecraft:sponge":29,"minecraft:iron_chestplate":1,"minecraft:diamond_pickaxe":2,"minecraft:oak_sapling":4,"minecraft:sandstone":8,"minecraft:diamond_helmet":4,"minecraft:spruce_log":14,"minecraft:diamond_boots":3,"minecraft:sand":26,"minecraft:bow":1,"minecraft:glass":2,"minecraft:paper":15,"minecraft:string":2,"minecraft:acacia_fence":2,"minecraft:lapis_block":39,"minecraft:gold_ingot":69,"minecraft:bone":16},"minecraft:crafted":{"minecraft:oak_planks":12,"minecraft:diamond_sword":8,"minecraft:crafting_table":1,"minecraft:spruce_planks":60,"minecraft:diamond":144,"minecraft:diamond_helmet":6,"minecraft:diamond_leggings":3,"minecraft:stick":12,"minecraft:wooden_axe":1,"minecraft:chest":7,"minecraft:diamond_boots":6,"minecraft:diamond_chestplate":3},"minecraft:mined":{"minecraft:crafting_table":1,"minecraft:tall_grass":44,"minecraft:sugar_cane":7,"minecraft:enchanting_table":1,"minecraft:bookshelf":1,"minecraft:grass":116,"minecraft:oak_log":3}},"DataVersion":3463}