{"stats":{"minecraft:custom":{"minecraft:interact_with_anvil":2,"minecraft:mob_kills":2,"minecraft:interact_with_crafting_table":10,"minecraft:time_since_death":24000,"minecraft:time_since_rest":24000,"minecraft:sprint_one_cm":81182,"minecraft:walk_one_cm":51447,"minecraft:drop":33,"minecraft:damage_dealt":150,"minecraft:swim_one_cm":540,"minecraft:fly_one_cm":62376,"minecraft:open_chest":7,"minecraft:crouch_one_cm":1882,"minecraft:play_time":24000,"minecraft:sneak_time":575,"minecraft:walk_under_water_one_cm":60,"minecraft:jump":276,"minecraft:walk_on_water_one_cm":199,"minecraft:enchant_item":15,"minecraft:total_world_time":24000,"minecraft:fall_one_cm":3518},"minecraft:killed":{"minecraft:sheep":1},"minecraft:used":{"minecraft:emerald_ore":1,"minecraft:enchanting_table":2,"minecraft:chest":7,"minecraft:gold_ore":4,"minecraft:anvil":7,"minecraft:crafting_table":7,"minecraft:wooden_axe":1,"minecraft:diamond_ore":15,"minecraft:diamond_sword":3,"minecraft:golden_carrot":2},"minecraft:picked_up":{"minecraft:sponge":29,"minecraft:fishing_rod":1,"minecraft:enchanting_table":21,"minecraft:blaze_spawn_egg":17,"minecraft:iron_chestplate":1,"minecraft:crafting_table":6,"minecraft:water_bucket":1,"minecraft:golden_carrot":27,"minecraft:anvil":7,"minecraft:leather":5,"minecraft:diamond_sword":2,"minecraft:oak_log":12,"minecraft:cobblestone_stairs":18,"minecraft:lapis_block":39,"minecraft:oak_trapdoor":48,"minecraft:iron_leggings":1,"minecraft:bone":16,"minecraft:glass":2,"minecraft:experience_bottle":13,"minecraft:activator_rail":38,"minecraft:bow":1,"minecraft:diamond_leggings":1,"minecraft:wheat_seeds":1,"minecraft:iron_ingot":15,"minecraft:cobweb":62,"minecraft:diamond_helmet":2,"minecraft:glass_bottle":20,"minecraft:sugar_cane":11,"minecraft:iron_sword":1,"minecraft:piston":9,"minecraft:diamond_ore":15,"minecraft:emerald_block":18,"minecraft:acacia_fence":2,"minecraft:jukebox":18,"minecraft:lava_bucket":1,"minecraft:sand":26,"minecraft:stone_button":14,"minecraft:spruce_log":29,"minecraft:diamond_block":16,"minecraft:gold_ore":106,"minecraft:diamond_chestplate":1,"minecraft:diamond":100,"minecraft:clay":7,"minecraft:diamond_boots":1,"minecraft:iron_helmet":1,"minecraft:golden_apple":3,"minecraft:bookshelf":4,"minecraft:gold_ingot":64,"minecraft:emerald":6,"minecraft:brick_stairs":9,"minecraft:oak_sapling":4,"minecraft:obsidian":3,"minecraft:diamond_pickaxe":3,"minecraft:cobblestone":28,"minecraft:emerald_ore":12,"minecraft:ender_pearl":3},"minecraft:dropped":{"minecraft:gold_ore":51,"minecraft:clay":7,"minecraft:iron_sword":1,"minecraft:piston":9,"minecraft:sugar_cane":11,"minecraft:wheat_seeds":1,"minecraft:oak_log":9,"minecraft:glass_bottle":20,"minecraft:emerald_ore":11,"minecraft:bookshelf":4,"minecraft:iron_helmet":1,"minecraft:oak_planks":3,"minecraft:leather":10,"minecraft:activator_rail":38,"minecraft:stick":2,"minecraft:cobblestone_stairs":18,"minecraft:brick_stairs":9,"minecraft:sponge":29,"minecraft:iron_chestplate":1,"minecraft:diamond_pickaxe":2,"minecraft:oak_sapling":4,"minecraft:diamond_helmet":4,"minecraft:sand":26,"minecraft:glass":2,"minecraft:acacia_fence":2,"minecraft:bone":16},"minecraft:crafted":{"minecraft:oak_planks":12,"minecraft:diamond_sword":8,"minecraft:crafting_table":1,"minecraft:spruce_planks":60,"minecraft:diamond":144,"minecraft:diamond_helmet":5,"minecraft:diamond_leggings":3,"minecraft:stick":12,"minecraft:wooden_axe":1,"minecraft:chest":7,"minecraft:diamond_boots":3,"minecraft:diamond_chestplate":3},"minecraft:mined":{"minecraft:crafting_table":1,"minecraft:tall_grass":37,"minecraft:sugar_cane":4,"minecraft:grass":94,"minecraft:oak_log":3}},"DataVersion":3463}