{"stats":{"minecraft:killed_by":{"minecraft:zombie":1,"minecraft:player":1},"minecraft:mined":{"minecraft:dragon_wall_head":1,"minecraft:white_bed":36,"minecraft:carved_pumpkin":7,"minecraft:obsidian":15,"minecraft:granite":10,"minecraft:chiseled_polished_blackstone":3,"minecraft:purpur_slab":2,"minecraft:hopper":53,"minecraft:nether_wart":8,"minecraft:chiseled_stone_bricks":1,"minecraft:spawner":1,"minecraft:polished_blackstone_bricks":96,"minecraft:magma_block":7,"minecraft:fire":34,"minecraft:cobbled_deepslate":5,"minecraft:fletching_table":4,"minecraft:enchanting_table":1,"minecraft:twisting_vines":3,"minecraft:dirt_path":5,"minecraft:deepslate_brick_stairs":1,"minecraft:iron_block":61,"minecraft:soul_fire":1,"minecraft:torch":10,"minecraft:blast_furnace":1,"minecraft:smooth_quartz_slab":1,"minecraft:glass":39,"minecraft:sugar_cane":3,"minecraft:repeater":1,"minecraft:wheat":2,"minecraft:warped_fungus":1,"minecraft:oak_fence_gate":2,"minecraft:dark_oak_sapling":4,"minecraft:piston":8,"minecraft:deepslate":192,"minecraft:shulker_box":35,"minecraft:end_stone":48,"minecraft:nether_bricks":11,"minecraft:crimson_roots":1,"minecraft:redstone_wire":4,"minecraft:andesite":12,"minecraft:cobblestone_slab":2,"minecraft:rail":41,"minecraft:bone_block":23,"minecraft:white_wool":3,"minecraft:ender_chest":5,"minecraft:soul_sand":61,"minecraft:observer":2,"minecraft:dandelion":4,"minecraft:short_grass":252,"minecraft:emerald_ore":2,"minecraft:sponge":1,"minecraft:warped_roots":3,"minecraft:purpur_pillar":8,"minecraft:tall_grass":44,"minecraft:deepslate_gold_ore":9,"minecraft:diorite":25,"minecraft:warped_wart_block":1,"minecraft:sunflower":9,"minecraft:gravel":60,"minecraft:dripstone_block":5,"minecraft:cobweb":13,"minecraft:stone_bricks":11,"minecraft:oak_sapling":3,"minecraft:sculk_vein":1,"minecraft:stripped_crimson_hyphae":1,"minecraft:grass_block":220,"minecraft:cracked_polished_blackstone_bricks":47,"minecraft:soul_soil":24,"minecraft:composter":4,"minecraft:gilded_blackstone":4,"minecraft:smooth_stone":44,"minecraft:iron_ore":33,"minecraft:pointed_dripstone":2,"minecraft:end_stone_bricks":4,"minecraft:blackstone":95,"minecraft:twisting_vines_plant":3,"minecraft:purpur_stairs":4,"minecraft:beacon":1,"minecraft:chest":11,"minecraft:nether_quartz_ore":51,"minecraft:wither_skeleton_wall_skull":3,"minecraft:cobblestone":347,"minecraft:oak_planks":6,"minecraft:iron_door":15,"minecraft:wall_torch":4,"minecraft:pink_petals":1,"minecraft:warped_nylium":2,"minecraft:powered_rail":9,"minecraft:blue_ice":1,"minecraft:purpur_block":9,"minecraft:oak_log":103,"minecraft:sand":103,"minecraft:dirt":530,"minecraft:crimson_planks":3,"minecraft:netherrack":3143,"minecraft:dispenser":1,"minecraft:ancient_debris":44,"minecraft:oak_leaves":247,"minecraft:nether_gold_ore":17,"minecraft:diamond_ore":1,"minecraft:tuff":17,"minecraft:dark_oak_leaves":7,"minecraft:deepslate_diamond_ore":145,"minecraft:oak_door":2,"minecraft:lever":3,"minecraft:spruce_leaves":1,"minecraft:cracked_nether_bricks":3,"minecraft:hay_block":7,"minecraft:oak_trapdoor":9,"minecraft:furnace":7,"minecraft:nether_sprouts":1,"minecraft:gold_block":22,"minecraft:bell":1,"minecraft:deepslate_iron_ore":3,"minecraft:packed_ice":465,"minecraft:chorus_plant":1,"minecraft:stone":623,"minecraft:redstone_wall_torch":2,"minecraft:basalt":57,"minecraft:oak_fence":4,"minecraft:crafting_table":8,"minecraft:sculk_sensor":2,"minecraft:lectern":1,"minecraft:stone_slab":3,"minecraft:sculk":1,"minecraft:redstone_torch":10,"minecraft:ice":10,"minecraft:coal_ore":15,"minecraft:end_rod":3,"minecraft:gray_carpet":1,"minecraft:cracked_stone_bricks":1,"minecraft:mossy_stone_bricks":1},"minecraft:dropped":{"minecraft:crimson_stem":64,"minecraft:porkchop":2,"minecraft:cooked_beef":3,"minecraft:glass_bottle":4,"minecraft:crafting_table":1,"minecraft:cooked_porkchop":3,"minecraft:crossbow":11,"minecraft:saddle":7,"minecraft:elytra":1,"minecraft:rail":37,"minecraft:emerald":46,"minecraft:dirt":14,"minecraft:gold_nugget":61,"minecraft:sunflower":5,"minecraft:sand":31,"minecraft:sugar":8,"minecraft:bone":53,"minecraft:sugar_cane":2,"minecraft:cooked_chicken":2,"minecraft:golden_chestplate":1,"minecraft:cobbled_deepslate":15,"minecraft:netherite_sword":2,"minecraft:wheat":2,"minecraft:obsidian":1,"minecraft:rotten_flesh":57,"minecraft:oak_planks":66,"minecraft:glowstone_dust":1,"minecraft:end_stone":16,"minecraft:white_bed":1,"minecraft:endermite_spawn_egg":1,"minecraft:hopper":2,"minecraft:end_stone_bricks":2,"minecraft:glass":2,"minecraft:beef":6,"minecraft:ghast_tear":1,"minecraft:enchanted_book":14,"minecraft:golden_boots":1,"minecraft:iron_ingot":134,"minecraft:wheat_seeds":32,"minecraft:netherite_helmet":1,"minecraft:purpur_slab":2,"minecraft:oak_fence":5,"minecraft:cobblestone":484,"minecraft:book":12,"minecraft:apple":7,"minecraft:coal":29,"minecraft:golden_apple":1,"minecraft:oxeye_daisy":1,"minecraft:gray_wool":1,"minecraft:sponge":1,"minecraft:diamond_helmet":1,"minecraft:golden_hoe":1,"minecraft:white_banner":12,"minecraft:smooth_stone":16,"minecraft:string":6,"minecraft:soul_soil":18,"minecraft:netherite_ingot":9,"minecraft:stone_sword":9,"minecraft:name_tag":1,"minecraft:diamond_sword":1,"minecraft:stone":65,"minecraft:diamond_pickaxe":1,"minecraft:redstone_torch":2,"minecraft:spider_eye":15,"minecraft:bow":15,"minecraft:diamond_axe":4,"minecraft:oak_log":134,"minecraft:ender_pearl":25,"minecraft:dark_oak_sapling":4,"minecraft:netherite_upgrade_smithing_template":15,"minecraft:lantern":12,"minecraft:leather":8,"minecraft:bedrock":1,"minecraft:packed_ice":1,"minecraft:pumpkin_pie":118,"minecraft:polished_blackstone_bricks":5,"minecraft:diamond_shovel":2,"minecraft:stone_stairs":1,"minecraft:poppy":3,"minecraft:gunpowder":26,"minecraft:chest":2,"minecraft:basalt":70,"minecraft:arrow":53,"minecraft:quartz":29,"minecraft:oak_leaves":60,"minecraft:netherrack":205,"minecraft:firework_rocket":377,"minecraft:water_bucket":1,"minecraft:bread":496,"minecraft:minecart":1,"minecraft:bookshelf":12,"minecraft:diamond_leggings":2,"minecraft:stick":34,"minecraft:deepslate_brick_stairs":1,"minecraft:torch":7,"minecraft:iron_axe":7,"minecraft:bucket":3,"minecraft:redstone":9,"minecraft:anvil":1,"minecraft:oak_trapdoor":1,"minecraft:totem_of_undying":4,"minecraft:shield":1,"minecraft:diamond_chestplate":1,"minecraft:dragon_egg":1,"minecraft:blue_ice":1,"minecraft:oak_sapling":26,"minecraft:golden_sword":1,"minecraft:diamond_boots":3,"minecraft:stripped_crimson_hyphae":58,"minecraft:stone_pickaxe":1},"minecraft:crafted":{"minecraft:chainmail_helmet":12,"minecraft:blaze_powder":28,"minecraft:lever":51,"minecraft:bookshelf":37,"minecraft:shulker_box":8,"minecraft:cooked_mutton":3,"minecraft:glass":264,"minecraft:diamond_helmet":3,"minecraft:repeater":11,"minecraft:diamond_leggings":5,"minecraft:netherite_boots":1,"minecraft:beacon":1,"minecraft:emerald":786,"minecraft:cooked_porkchop":5,"minecraft:diamond_axe":4,"minecraft:fletching_table":1,"minecraft:stone_slab":126,"minecraft:compass":12,"minecraft:iron_pickaxe":1,"minecraft:iron_block":340,"minecraft:gold_ingot":297,"minecraft:netherite_ingot":19,"minecraft:composter":7,"minecraft:golden_carrot":36,"minecraft:stone_shovel":13,"minecraft:jukebox":1,"minecraft:bone_meal":9519,"minecraft:lantern":84,"minecraft:stone_pickaxe":3,"minecraft:diamond_boots":5,"minecraft:dark_oak_planks":52,"minecraft:wheat":144,"minecraft:coal_block":42,"minecraft:crossbow":95,"minecraft:netherite_pickaxe":1,"minecraft:enchanted_book":141,"minecraft:oak_fence_gate":6,"minecraft:golden_apple":52,"minecraft:flint":240,"minecraft:chainmail_boots":12,"minecraft:iron_shovel":5,"minecraft:white_bed":1,"minecraft:oak_planks":5240,"minecraft:cobblestone_slab":1026,"minecraft:suspicious_stew":4,"minecraft:dark_oak_door":3,"minecraft:hopper":66,"minecraft:bow":97,"minecraft:iron_boots":13,"minecraft:chest":212,"minecraft:netherite_helmet":2,"minecraft:oak_button":32,"minecraft:netherite_upgrade_smithing_template":42,"minecraft:rail":377,"minecraft:ender_eye":16,"minecraft:oak_slab":54,"minecraft:arrow":912,"minecraft:crafting_table":4,"minecraft:wooden_pickaxe":1,"minecraft:hopper_minecart":2,"minecraft:dispenser":1,"minecraft:apple":64,"minecraft:diamond_pickaxe":2,"minecraft:emerald_block":67,"minecraft:shield":1,"minecraft:stick":6220,"minecraft:iron_ingot":99,"minecraft:redstone_torch":31,"minecraft:shears":2,"minecraft:oak_door":3,"minecraft:cookie":216,"minecraft:redstone":180,"minecraft:coal":378,"minecraft:netherite_sword":1,"minecraft:furnace":49,"minecraft:piston":25,"minecraft:netherite_chestplate":2,"minecraft:netherite_leggings":2,"minecraft:iron_axe":15,"minecraft:netherite_scrap":77,"minecraft:observer":1,"minecraft:minecart":4,"minecraft:diamond_sword":1,"minecraft:powered_rail":60,"minecraft:iron_sword":3,"minecraft:bell":12,"minecraft:bucket":3,"minecraft:stone_axe":3,"minecraft:bread":144,"minecraft:air":0,"minecraft:oak_boat":7,"minecraft:anvil":1,"minecraft:pumpkin_pie":48,"minecraft:torch":56,"minecraft:lapis_block":35,"minecraft:diamond_chestplate":2},"minecraft:custom":{"minecraft:interact_with_crafting_table":103,"minecraft:bell_ring":17,"minecraft:leave_game":42,"minecraft:time_since_death":1097786,"minecraft:damage_blocked_by_shield":325,"minecraft:play_time":2000599,"minecraft:deaths":6,"minecraft:jump":29754,"minecraft:enchant_item":1,"minecraft:interact_with_furnace":68,"minecraft:traded_with_villager":1043,"minecraft:sleep_in_bed":40,"minecraft:damage_dealt":150372,"minecraft:inspect_dispenser":46,"minecraft:interact_with_smithing_table":17,"minecraft:inspect_dropper":3,"minecraft:interact_with_anvil":35,"minecraft:inspect_hopper":45,"minecraft:sneak_time":180620,"minecraft:interact_with_blast_furnace":22,"minecraft:total_world_time":2000599,"minecraft:tune_noteblock":3,"minecraft:time_since_rest":9463,"minecraft:swim_one_cm":68760,"minecraft:fly_one_cm":13182900,"minecraft:open_chest":1593,"minecraft:fall_one_cm":537955,"minecraft:animals_bred":4,"minecraft:open_shulker_box":60,"minecraft:damage_resisted":335,"minecraft:sprint_one_cm":5431633,"minecraft:drop":355,"minecraft:talked_to_villager":572,"minecraft:interact_with_brewingstand":2,"minecraft:walk_on_water_one_cm":178026,"minecraft:open_enderchest":13,"minecraft:interact_with_beacon":36,"minecraft:player_kills":11,"minecraft:crouch_one_cm":1101825,"minecraft:mob_kills":1362,"minecraft:climb_one_cm":5556,"minecraft:walk_one_cm":3238498,"minecraft:raid_win":5,"minecraft:walk_under_water_one_cm":54082,"minecraft:boat_one_cm":105214,"minecraft:raid_trigger":2,"minecraft:damage_taken":24938,"minecraft:damage_absorbed":1053,"minecraft:minecart_one_cm":0,"minecraft:aviate_one_cm":9131747},"minecraft:picked_up":{"minecraft:iron_chestplate":3,"minecraft:chainmail_boots":1,"minecraft:lead":2,"minecraft:stone_slab":3,"minecraft:diamond_sword":5,"minecraft:enchanted_book":48,"minecraft:golden_sword":3,"minecraft:string":37,"minecraft:soul_soil":20,"minecraft:diamond_leggings":4,"minecraft:gold_nugget":109,"minecraft:cobbled_deepslate":51,"minecraft:hopper_minecart":1,"minecraft:composter":4,"minecraft:golden_chestplate":1,"minecraft:stone_sword":13,"minecraft:iron_block":60,"minecraft:bookshelf":20,"minecraft:end_rod":1,"minecraft:blaze_rod":60,"minecraft:snowball":16,"minecraft:sponge":1,"minecraft:cooked_beef":71,"minecraft:water_bucket":6,"minecraft:flint":3,"minecraft:twisting_vines":6,"minecraft:diamond_helmet":3,"minecraft:glowstone_dust":1,"minecraft:warped_wart_block":1,"minecraft:dark_oak_log":1,"minecraft:dispenser":1,"minecraft:deepslate":123,"minecraft:lever":10,"minecraft:blue_ice":1,"minecraft:granite":10,"minecraft:bread":613,"minecraft:diamond_pickaxe":5,"minecraft:crafting_table":14,"minecraft:nether_wart":23,"minecraft:dragon_head":1,"minecraft:purpur_block":2,"minecraft:elytra":1,"minecraft:flint_and_steel":2,"minecraft:iron_shovel":1,"minecraft:netherite_sword":3,"minecraft:deepslate_diamond_ore":57,"minecraft:beef":91,"minecraft:iron_nugget":16,"minecraft:poppy":8,"minecraft:chest":9,"minecraft:piston":8,"minecraft:egg":13,"minecraft:stone":39,"minecraft:oak_door":2,"minecraft:carrot":6,"minecraft:redstone":31,"minecraft:stone_shovel":1,"minecraft:diamond_chestplate":3,"minecraft:beetroot_seeds":6,"minecraft:hay_block":32,"minecraft:diamond_boots":5,"minecraft:purpur_slab":2,"minecraft:totem_of_undying":27,"minecraft:oak_chest_boat":1,"minecraft:glow_berries":2,"minecraft:mutton":29,"minecraft:bone_block":64,"minecraft:rail":92,"minecraft:white_wool":66,"minecraft:oxeye_daisy":6,"minecraft:red_mushroom":10,"minecraft:oak_log":209,"minecraft:ancient_debris":44,"minecraft:golden_boots":1,"minecraft:white_banner":19,"minecraft:stone_bricks":8,"minecraft:apple":143,"minecraft:kelp":4,"minecraft:oak_fence_gate":2,"minecraft:stone_pickaxe":3,"minecraft:glass_bottle":8,"minecraft:cracked_nether_bricks":3,"minecraft:gravel":61,"minecraft:spruce_log":21,"minecraft:dragon_egg":2,"minecraft:firework_rocket":113,"minecraft:diamond_shovel":1,"minecraft:stone_axe":3,"minecraft:diamond_axe":5,"minecraft:gray_wool":2,"minecraft:hopper":51,"minecraft:ender_pearl":139,"minecraft:shulker_shell":27,"minecraft:wheat":8,"minecraft:ender_chest":5,"minecraft:sentry_armor_trim_smithing_template":4,"minecraft:potion":1,"minecraft:crimson_planks":2,"minecraft:iron_leggings":2,"minecraft:experience_bottle":4,"minecraft:oak_sign":2,"minecraft:smooth_stone":63,"minecraft:bucket":3,"minecraft:redstone_torch":22,"minecraft:cobblestone_slab":2,"minecraft:iron_pickaxe":2,"minecraft:iron_boots":3,"minecraft:furnace":7,"minecraft:stick":820,"minecraft:oak_fence":5,"minecraft:torch":48,"minecraft:porkchop":17,"minecraft:pointed_dripstone":41,"minecraft:diorite":31,"minecraft:goat_horn":1,"minecraft:quartz_block":64,"minecraft:rotten_flesh":182,"minecraft:deepslate_brick_stairs":1,"minecraft:obsidian":15,"minecraft:cobblestone":1239,"minecraft:enchanting_table":1,"minecraft:pink_petals":12,"minecraft:leather_chestplate":1,"minecraft:repeater":12,"minecraft:andesite":8,"minecraft:beacon":1,"minecraft:potato":8,"minecraft:tuff":18,"minecraft:wither_skeleton_skull":8,"minecraft:dirt":950,"minecraft:glass":104,"minecraft:bone":333,"minecraft:bow":23,"minecraft:wheat_seeds":81,"minecraft:bell":3,"minecraft:raw_gold":9,"minecraft:fletching_table":4,"minecraft:powered_rail":50,"minecraft:oak_planks":116,"minecraft:ghast_tear":1,"minecraft:cooked_porkchop":35,"minecraft:sand":173,"minecraft:grass_block":3,"minecraft:shulker_box":35,"minecraft:sugar":8,"minecraft:diamond":188,"minecraft:netherite_helmet":1,"minecraft:cracked_polished_blackstone_bricks":22,"minecraft:crossbow":16,"minecraft:bone_meal":190,"minecraft:emerald":376,"minecraft:oak_sapling":1349,"minecraft:netherrack":1930,"minecraft:chorus_fruit":14,"minecraft:oak_leaves":278,"minecraft:nether_star":1,"minecraft:end_stone_bricks":2,"minecraft:azure_bluet":1,"minecraft:packed_ice":430,"minecraft:brown_mushroom":2,"minecraft:wooden_pickaxe":2,"minecraft:gold_block":22,"minecraft:shield":3,"minecraft:oak_trapdoor":16,"minecraft:iron_axe":8,"minecraft:blackstone":90,"minecraft:oak_boat":6,"minecraft:observer":2,"minecraft:light_gray_wool":1,"minecraft:lectern":2,"minecraft:sugar_cane":23,"minecraft:phantom_membrane":11,"minecraft:dark_oak_sapling":6,"minecraft:stripped_crimson_hyphae":1,"minecraft:raw_iron":72,"minecraft:end_stone":43,"minecraft:bowl":7,"minecraft:polished_blackstone_bricks":64,"minecraft:dark_oak_planks":17,"minecraft:arrow":170,"minecraft:golden_hoe":2,"minecraft:nether_bricks":11,"minecraft:saddle":12,"minecraft:basalt":87,"minecraft:golden_carrot":8,"minecraft:glow_ink_sac":1,"minecraft:leather":62,"minecraft:ice":7,"minecraft:gunpowder":46,"minecraft:iron_ingot":192,"minecraft:cooked_chicken":2,"minecraft:soul_sand":59,"minecraft:book":12,"minecraft:warped_fungus":1,"minecraft:nether_quartz_ore":4,"minecraft:pumpkin":11,"minecraft:chiseled_stone_bricks":1,"minecraft:quartz":98,"minecraft:dandelion":18,"minecraft:dripstone_block":12,"minecraft:blast_furnace":1,"minecraft:white_bed":45,"minecraft:spider_eye":34,"minecraft:sculk_sensor":1,"minecraft:iron_helmet":3,"minecraft:coal":197,"minecraft:sunflower":17},"minecraft:used":{"minecraft:moss_block":4,"minecraft:dispenser":22,"minecraft:elytra":39,"minecraft:poppy":1,"minecraft:chest":181,"minecraft:stone":443,"minecraft:soul_sand":10,"minecraft:packed_ice":680,"minecraft:lava_bucket":8,"minecraft:villager_spawn_egg":34,"minecraft:grass_block":370,"minecraft:quartz_block":44,"minecraft:stone_brick_stairs":8,"minecraft:bow":1117,"minecraft:oak_sapling":1712,"minecraft:furnace":32,"minecraft:egg":11,"minecraft:dragon_head":1,"minecraft:diorite":1,"minecraft:cow_spawn_egg":14,"minecraft:powered_rail":69,"minecraft:wooden_pickaxe":9,"minecraft:composter":8,"minecraft:oak_leaves":176,"minecraft:golden_apple":34,"minecraft:sand":10,"minecraft:blast_furnace":4,"minecraft:lectern":250,"minecraft:cat_spawn_egg":2,"minecraft:diamond_sword":431,"minecraft:smithing_table":1,"minecraft:ice":7,"minecraft:oak_boat":7,"minecraft:oak_hanging_sign":1,"minecraft:oak_trapdoor":34,"minecraft:enchanting_table":3,"minecraft:netherrack":421,"minecraft:torch":322,"minecraft:brewing_stand":1,"minecraft:ancient_debris":1,"minecraft:warped_wart_block":1,"minecraft:anvil":7,"minecraft:light_blue_dye":1,"minecraft:twisting_vines":2,"minecraft:stone_stairs":6,"minecraft:oak_fence_gate":11,"minecraft:iron_block":596,"minecraft:totem_of_undying":9,"minecraft:basalt":17,"minecraft:tripwire_hook":2,"minecraft:glowstone":15,"minecraft:beef":3,"minecraft:cobbled_deepslate":12,"minecraft:observer":94,"minecraft:crimson_stem":64,"minecraft:water_bucket":479,"minecraft:dirt_path":4,"minecraft:fletching_table":12,"minecraft:glow_ink_sac":12,"minecraft:rail":201,"minecraft:comparator":2,"minecraft:tnt":6,"minecraft:crafting_table":15,"minecraft:red_bed":2,"minecraft:white_bed":60,"minecraft:campfire":26,"minecraft:endermite_spawn_egg":1,"minecraft:oak_log":125,"minecraft:yellow_dye":1,"minecraft:ender_eye":11,"minecraft:diamond_pickaxe":3637,"minecraft:oxeye_daisy":1,"minecraft:diamond_shovel":402,"minecraft:sunflower":1,"minecraft:oak_button":1,"minecraft:iron_pickaxe":159,"minecraft:spruce_trapdoor":17,"minecraft:chiseled_stone_bricks":49,"minecraft:cobblestone":3028,"minecraft:cooked_porkchop":7,"minecraft:stripped_oak_log":12,"minecraft:kelp":18,"minecraft:dandelion":2,"minecraft:diamond_leggings":1,"minecraft:light_gray_dye":1,"minecraft:iron_shovel":436,"minecraft:oak_sign":36,"minecraft:shield":11,"minecraft:zombie_spawn_egg":8,"minecraft:nether_wart":8,"minecraft:bell":3,"minecraft:sculk_sensor":1,"minecraft:mutton":3,"minecraft:obsidian":108,"minecraft:glass":445,"minecraft:hopper_minecart":3,"minecraft:stone_bricks":921,"minecraft:bedrock":18,"minecraft:deepslate_diamond_ore":57,"minecraft:golden_sword":34,"minecraft:repeater":47,"minecraft:oak_chest_boat":3,"minecraft:dark_oak_sapling":16,"minecraft:end_rod":1,"minecraft:dropper":4,"minecraft:wither_skeleton_skull":16,"minecraft:stone_pickaxe":182,"minecraft:oak_planks":252,"minecraft:ender_pearl":9,"minecraft:diamond_axe":111,"minecraft:white_wool":427,"minecraft:golden_hoe":8,"minecraft:crossbow":2,"minecraft:sponge":111,"minecraft:note_block":2,"minecraft:stone_brick_wall":1,"minecraft:end_stone":30,"minecraft:shears":240,"minecraft:redstone_torch":41,"minecraft:sticky_piston":80,"minecraft:lever":43,"minecraft:firework_rocket":504,"minecraft:dark_oak_log":1,"minecraft:bread":29,"minecraft:string":1,"minecraft:gravel":58,"minecraft:deepslate":72,"minecraft:grindstone":2,"minecraft:andesite":2,"minecraft:smooth_stone_slab":249,"minecraft:oak_fence":12,"minecraft:netherite_sword":1676,"minecraft:flint_and_steel":10,"minecraft:stone_shovel":132,"minecraft:redstone":184,"minecraft:ender_chest":4,"minecraft:oak_door":5,"minecraft:dirt":679,"minecraft:hopper":213,"minecraft:cobblestone_wall":1,"minecraft:shulker_box":41,"minecraft:stone_brick_slab":205,"minecraft:wooden_axe":3,"minecraft:bookshelf":47,"minecraft:crimson_planks":129,"minecraft:golden_carrot":170,"minecraft:netherite_pickaxe":2000,"minecraft:minecart":21,"minecraft:cooked_beef":108,"minecraft:red_dye":1,"minecraft:cooked_mutton":3,"minecraft:netherite_chestplate":36,"minecraft:beacon":18,"minecraft:cobblestone_slab":1049,"minecraft:glow_item_frame":18,"minecraft:dark_oak_door":2,"minecraft:piston":76,"minecraft:apple":35,"minecraft:cracked_polished_blackstone_bricks":9,"minecraft:netherite_axe":29,"minecraft:cracked_nether_bricks":957,"minecraft:stone_slab":61,"minecraft:stone_axe":212,"minecraft:pink_petals":6,"minecraft:stripped_crimson_hyphae":7,"minecraft:white_banner":4,"minecraft:bucket":120,"minecraft:smooth_stone":483,"minecraft:splash_potion":55},"minecraft:broken":{"minecraft:shears":1,"minecraft:golden_sword":1,"minecraft:iron_shovel":1,"minecraft:stone_axe":1,"minecraft:stone_shovel":1},"minecraft:killed":{"minecraft:shulker":43,"minecraft:skeleton":39,"minecraft:chicken":1,"minecraft:cat":2,"minecraft:iron_golem":7,"minecraft:pillager":120,"minecraft:zombie":128,"minecraft:cow":30,"minecraft:evoker":16,"minecraft:vindicator":66,"minecraft:warden":1,"minecraft:wandering_trader":1,"minecraft:ravager":15,"minecraft:enderman":471,"minecraft:zombified_piglin":2,"minecraft:witch":23,"minecraft:spider":10,"minecraft:wither":1,"minecraft:piglin_brute":9,"minecraft:piglin":22,"minecraft:pig":12,"minecraft:creeper":12,"minecraft:sheep":19,"minecraft:trader_llama":2,"minecraft:ghast":5,"minecraft:blaze":49,"minecraft:vex":21,"minecraft:phantom":8,"minecraft:drowned":2,"minecraft:hoglin":1,"minecraft:wither_skeleton":133,"minecraft:villager":9}},"DataVersion":3700}