{"stats":{"minecraft:custom":{"minecraft:time_since_rest":12000,"minecraft:sprint_one_cm":30789,"minecraft:walk_one_cm":28853,"minecraft:drop":9,"minecraft:swim_one_cm":540,"minecraft:interact_with_crafting_table":3,"minecraft:fly_one_cm":37998,"minecraft:crouch_one_cm":699,"minecraft:play_time":12000,"minecraft:sneak_time":241,"minecraft:walk_under_water_one_cm":60,"minecraft:jump":152,"minecraft:walk_on_water_one_cm":199,"minecraft:time_since_death":12000,"minecraft:total_world_time":12000,"minecraft:fall_one_cm":1788},"minecraft:dropped":{"minecraft:clay":7,"minecraft:wheat_seeds":1,"minecraft:brick_stairs":9,"minecraft:oak_planks":3,"minecraft:activator_rail":38,"minecraft:acacia_fence":2,"minecraft:bone":8,"minecraft:stick":2},"minecraft:used":{"minecraft:emerald_ore":1,"minecraft:wooden_axe":1,"minecraft:gold_ore":4,"minecraft:crafting_table":1},"minecraft:picked_up":{"minecraft:enchanting_table":5,"minecraft:fishing_rod":1,"minecraft:blaze_spawn_egg":11,"minecraft:crafting_table":1,"minecraft:iron_chestplate":1,"minecraft:emerald_block":14,"minecraft:acacia_fence":2,"minecraft:golden_carrot":17,"minecraft:jukebox":5,"minecraft:diamond_sword":2,"minecraft:lava_bucket":1,"minecraft:oak_log":12,"minecraft:stone_button":14,"minecraft:gold_ore":31,"minecraft:cobblestone_stairs":18,"minecraft:diamond_block":6,"minecraft:oak_trapdoor":22,"minecraft:experience_bottle":13,"minecraft:bone":8,"minecraft:clay":7,"minecraft:activator_rail":38,"minecraft:wheat_seeds":1,"minecraft:diamond_boots":1,"minecraft:iron_helmet":1,"minecraft:iron_ingot":15,"minecraft:gold_ingot":48,"minecraft:emerald":6,"minecraft:brick_stairs":9,"minecraft:oak_sapling":4,"minecraft:sugar_cane":11,"minecraft:obsidian":3,"minecraft:iron_sword":1,"minecraft:emerald_ore":12,"minecraft:cobblestone":28,"minecraft:diamond_pickaxe":2},"minecraft:crafted":{"minecraft:oak_planks":12,"minecraft:diamond":18,"minecraft:crafting_table":1,"minecraft:stick":4,"minecraft:wooden_axe":1},"minecraft:mined":{"minecraft:crafting_table":1,"minecraft:grass":10,"minecraft:oak_log":3,"minecraft:tall_grass":4,"minecraft:sugar_cane":4}},"DataVersion":3463}