{"stats":{"minecraft:mined":{"minecraft:diamond_ore":9,"minecraft:tuff":1,"minecraft:white_bed":3,"minecraft:deepslate_diamond_ore":16,"minecraft:oak_door":2,"minecraft:cobblestone_stairs":6,"minecraft:cherry_log":14,"minecraft:dark_oak_log":3,"minecraft:granite":8,"minecraft:grass_block":7,"minecraft:spruce_leaves":3,"minecraft:moss_block":1,"minecraft:furnace":6,"minecraft:iron_ore":50,"minecraft:andesite":4,"minecraft:gold_block":1,"minecraft:deepslate_iron_ore":4,"minecraft:vine":1,"minecraft:bamboo":1,"minecraft:stone":157,"minecraft:clay":1,"minecraft:crafting_table":15,"minecraft:short_grass":2,"minecraft:cobblestone":6,"minecraft:copper_ore":1,"minecraft:tall_grass":1,"minecraft:lapis_ore":9,"minecraft:sugar_cane":8,"minecraft:diorite":3,"minecraft:birch_log":5,"minecraft:sweet_berry_bush":19,"minecraft:yellow_bed":1,"minecraft:oak_log":15,"minecraft:coal_ore":58,"minecraft:cherry_leaves":20,"minecraft:dirt":15,"minecraft:gravel":7,"minecraft:oak_leaves":1,"minecraft:deepslate":16},"minecraft:picked_up":{"minecraft:crafting_table":15,"minecraft:chicken":3,"minecraft:clay_ball":10,"minecraft:gold_block":1,"minecraft:string":1,"minecraft:raw_copper":2,"minecraft:gold_nugget":26,"minecraft:cobbled_deepslate":16,"minecraft:beef":15,"minecraft:light_gray_wool":1,"minecraft:sugar_cane":18,"minecraft:furnace":6,"minecraft:egg":2,"minecraft:stick":1,"minecraft:raw_iron":58,"minecraft:oak_door":3,"minecraft:torch":1,"minecraft:porkchop":9,"minecraft:cherry_log":13,"minecraft:diorite":3,"minecraft:rotten_flesh":5,"minecraft:tropical_fish":17,"minecraft:pumpkin_pie":118,"minecraft:mutton":19,"minecraft:white_wool":7,"minecraft:cobblestone":405,"minecraft:birch_log":5,"minecraft:feather":6,"minecraft:andesite":4,"minecraft:leather":8,"minecraft:tuff":1,"minecraft:oak_log":80,"minecraft:yellow_bed":1,"minecraft:cobblestone_stairs":6,"minecraft:lapis_lazuli":55,"minecraft:dirt":23,"minecraft:wheat_seeds":2,"minecraft:iron_ingot":54,"minecraft:bamboo":11,"minecraft:moss_block":1,"minecraft:book":12,"minecraft:birch_boat":5,"minecraft:sweet_berries":43,"minecraft:quartz":24,"minecraft:gravel":7,"minecraft:white_bed":3,"minecraft:dark_oak_log":3,"minecraft:diamond":25,"minecraft:granite":8,"minecraft:bone_meal":2,"minecraft:cherry_sapling":1,"minecraft:golden_apple":1,"minecraft:gray_wool":1,"minecraft:netherrack":128,"minecraft:coal":107},"minecraft:used":{"minecraft:cherry_boat":3,"minecraft:moss_block":1,"minecraft:tropical_fish":14,"minecraft:rotten_flesh":2,"minecraft:cooked_chicken":1,"minecraft:netherrack":5,"minecraft:oak_door":3,"minecraft:dirt":22,"minecraft:granite":7,"minecraft:iron_axe":3,"minecraft:sweet_berries":43,"minecraft:furnace":7,"minecraft:golden_boots":1,"minecraft:cooked_mutton":9,"minecraft:stone_pickaxe":125,"minecraft:oak_planks":13,"minecraft:wooden_pickaxe":12,"minecraft:birch_boat":5,"minecraft:cherry_planks":2,"minecraft:golden_apple":2,"minecraft:crafting_table":16,"minecraft:white_bed":3,"minecraft:bread":2,"minecraft:iron_pickaxe":234,"minecraft:stone_axe":112,"minecraft:cobblestone":64,"minecraft:cooked_porkchop":3,"minecraft:porkchop":1,"minecraft:pumpkin_pie":7,"minecraft:gray_wool":1},"minecraft:custom":{"minecraft:mob_kills":32,"minecraft:interact_with_crafting_table":18,"minecraft:leave_game":4,"minecraft:time_since_death":51853,"minecraft:climb_one_cm":1354,"minecraft:sprint_one_cm":312121,"minecraft:walk_one_cm":109451,"minecraft:drop":19,"minecraft:play_time":104225,"minecraft:deaths":6,"minecraft:sneak_time":3390,"minecraft:walk_under_water_one_cm":9770,"minecraft:boat_one_cm":240178,"minecraft:jump":2553,"minecraft:walk_on_water_one_cm":16517,"minecraft:total_world_time":104225,"minecraft:interact_with_furnace":50,"minecraft:sleep_in_bed":2,"minecraft:time_since_rest":1733,"minecraft:damage_taken":3346,"minecraft:damage_absorbed":42,"minecraft:damage_dealt":3792,"minecraft:swim_one_cm":16501,"minecraft:fly_one_cm":486841,"minecraft:open_chest":8,"minecraft:crouch_one_cm":7383,"minecraft:fall_one_cm":89295},"minecraft:dropped":{"minecraft:wheat_seeds":2,"minecraft:oak_log":1,"minecraft:feather":6,"minecraft:granite":1,"minecraft:tropical_fish":3,"minecraft:bone_meal":2,"minecraft:gravel":5,"minecraft:rotten_flesh":3,"minecraft:stone_pickaxe":1,"minecraft:wooden_pickaxe":1,"minecraft:quartz":24},"minecraft:killed_by":{"minecraft:creeper":2,"minecraft:skeleton":3},"minecraft:killed":{"minecraft:spider":3,"minecraft:chicken":2,"minecraft:tropical_fish":1,"minecraft:pig":5,"minecraft:sheep":9,"minecraft:zombie":4,"minecraft:cow":8},"minecraft:crafted":{"minecraft:cherry_planks":52,"minecraft:oak_door":3,"minecraft:oak_planks":68,"minecraft:birch_boat":1,"minecraft:cooked_chicken":1,"minecraft:furnace":2,"minecraft:cherry_boat":10,"minecraft:cooked_mutton":9,"minecraft:iron_boots":1,"minecraft:iron_axe":1,"minecraft:stone_pickaxe":2,"minecraft:dark_oak_planks":12,"minecraft:cooked_porkchop":3,"minecraft:crafting_table":5,"minecraft:wooden_pickaxe":2,"minecraft:iron_helmet":1,"minecraft:birch_planks":20,"minecraft:stone_axe":2,"minecraft:air":0,"minecraft:iron_chestplate":2,"minecraft:stick":20,"minecraft:iron_ingot":19,"minecraft:iron_pickaxe":3,"minecraft:iron_leggings":1,"minecraft:gold_ingot":2,"minecraft:white_bed":1}},"DataVersion":3700}