{"stats":{"minecraft:mined":{"minecraft:dark_oak_leaves":2},"minecraft:killed_by":{"minecraft:skeleton":1},"minecraft:custom":{"minecraft:jump":17,"minecraft:time_since_rest":1009,"minecraft:leave_game":1,"minecraft:deaths":1,"minecraft:sprint_one_cm":109,"minecraft:play_time":6379,"minecraft:damage_taken":270,"minecraft:time_since_death":0,"minecraft:walk_one_cm":1407,"minecraft:sneak_time":24,"minecraft:total_world_time":6379,"minecraft:fall_one_cm":1273,"minecraft:fly_one_cm":173}},"DataVersion":3700}