{
  "minecraft:recipes/decorations/crafting_table": {
    "criteria": {
      "unlock_right_away": "2024-07-13 02:52:03 +0000"
    },
    "done": true
  },
  "minecraft:adventure/adventuring_time": {
    "criteria": {
      "minecraft:sunflower_plains": "2024-07-13 02:52:20 +0000",
      "minecraft:windswept_hills": "2024-07-13 02:56:09 +0000",
      "minecraft:mangrove_swamp": "2024-07-13 02:56:12 +0000",
      "minecraft:river": "2024-07-13 02:52:04 +0000",
      "minecraft:swamp": "2024-07-13 02:55:53 +0000",
      "minecraft:flower_forest": "2024-07-13 02:58:08 +0000",
      "minecraft:savanna": "2024-07-13 03:06:09 +0000",
      "minecraft:plains": "2024-07-13 02:53:51 +0000"
    },
    "done": false
  },
  "DataVersion": 3463
}